,Timestamp,Station ID,Total Flow,Average Occupancy,Average Speed,Average  Speed_t1,Average  Speed_t2,Average  Speed_t3,Average  Speed_t4,Average  Speed_t5
8823,2010-01-01 00:35:00,1108687,99,0.0199,71.6,72.1,72.2,72.2,72.0,71.9
10016,2010-01-01 00:40:00,1108687,109,0.0219,72.1,72.2,72.2,72.0,71.9,71.9
11209,2010-01-01 00:45:00,1108687,154,0.031,72.2,72.2,72.0,71.9,71.9,71.5
12402,2010-01-01 00:50:00,1108687,103,0.0204,72.2,72.0,71.9,71.9,71.5,71.9
13595,2010-01-01 00:55:00,1108687,122,0.0245,72.0,71.9,71.9,71.5,71.9,72.1
14788,2010-01-01 01:00:00,1108687,117,0.0238,71.9,71.9,71.5,71.9,72.1,72.2
15981,2010-01-01 01:05:00,1108687,120,0.0239,71.9,71.5,71.9,72.1,72.2,71.9
17174,2010-01-01 01:10:00,1108687,107,0.022000000000000002,71.5,71.9,72.1,72.2,71.9,71.8
18367,2010-01-01 01:15:00,1108687,116,0.0232,71.9,72.1,72.2,71.9,71.8,71.2
19560,2010-01-01 01:20:00,1108687,107,0.0209,72.1,72.2,71.9,71.8,71.2,71.5
20753,2010-01-01 01:25:00,1108687,117,0.0236,72.2,71.9,71.8,71.2,71.5,71.5
21946,2010-01-01 01:30:00,1108687,117,0.0236,71.9,71.8,71.2,71.5,71.5,72.1
23139,2010-01-01 01:35:00,1108687,124,0.0252,71.8,71.2,71.5,71.5,72.1,71.6
24332,2010-01-01 01:40:00,1108687,118,0.0239,71.2,71.5,71.5,72.1,71.6,72.1
25525,2010-01-01 01:45:00,1108687,120,0.024,71.5,71.5,72.1,71.6,72.1,72.2
26718,2010-01-01 01:50:00,1108687,102,0.0214,71.5,72.1,71.6,72.1,72.2,72.0
27911,2010-01-01 01:55:00,1108687,117,0.023,72.1,71.6,72.1,72.2,72.0,72.5
29104,2010-01-01 02:00:00,1108687,91,0.0188,71.6,72.1,72.2,72.0,72.5,72.2
30297,2010-01-01 02:05:00,1108687,93,0.018000000000000002,72.1,72.2,72.0,72.5,72.2,72.6
31490,2010-01-01 02:10:00,1108687,69,0.0135,72.2,72.0,72.5,72.2,72.6,72.7
32683,2010-01-01 02:15:00,1108687,81,0.0161,72.0,72.5,72.2,72.6,72.7,72.9
33876,2010-01-01 02:20:00,1108687,101,0.0196,72.5,72.2,72.6,72.7,72.9,72.8
35069,2010-01-01 02:25:00,1108687,103,0.0206,72.2,72.6,72.7,72.9,72.8,72.4
36262,2010-01-01 02:30:00,1108687,86,0.0165,72.6,72.7,72.9,72.8,72.4,72.9
37455,2010-01-01 02:35:00,1108687,109,0.0212,72.7,72.9,72.8,72.4,72.9,72.8
38648,2010-01-01 02:40:00,1108687,86,0.0168,72.9,72.8,72.4,72.9,72.8,72.2
39841,2010-01-01 02:45:00,1108687,94,0.0188,72.8,72.4,72.9,72.8,72.2,72.2
41034,2010-01-01 02:50:00,1108687,79,0.016,72.4,72.9,72.8,72.2,72.2,72.5
42227,2010-01-01 02:55:00,1108687,70,0.0138,72.9,72.8,72.2,72.2,72.5,72.6
43420,2010-01-01 03:00:00,1108687,61,0.0123,72.8,72.2,72.2,72.5,72.6,72.2
44613,2010-01-01 03:05:00,1108687,55,0.0123,72.2,72.2,72.5,72.6,72.2,72.2
45806,2010-01-01 03:10:00,1108687,80,0.0159,72.2,72.5,72.6,72.2,72.2,72.2
46999,2010-01-01 03:15:00,1108687,62,0.0122,72.5,72.6,72.2,72.2,72.2,72.7
48192,2010-01-01 03:20:00,1108687,55,0.0114,72.6,72.2,72.2,72.2,72.7,72.3
49385,2010-01-01 03:25:00,1108687,55,0.0113,72.2,72.2,72.2,72.7,72.3,72.5
50578,2010-01-01 03:30:00,1108687,68,0.0146,72.2,72.2,72.7,72.3,72.5,72.8
51771,2010-01-01 03:35:00,1108687,49,0.0098,72.2,72.7,72.3,72.5,72.8,73.2
52964,2010-01-01 03:40:00,1108687,44,0.0092,72.7,72.3,72.5,72.8,73.2,73.4
54157,2010-01-01 03:45:00,1108687,60,0.0124,72.3,72.5,72.8,73.2,73.4,72.9
55350,2010-01-01 03:50:00,1108687,58,0.0114,72.5,72.8,73.2,73.4,72.9,72.8
56543,2010-01-01 03:55:00,1108687,30,0.0057,72.8,73.2,73.4,72.9,72.8,72.7
57736,2010-01-01 04:00:00,1108687,49,0.0094,73.2,73.4,72.9,72.8,72.7,72.9
58929,2010-01-01 04:05:00,1108687,38,0.0075,73.4,72.9,72.8,72.7,72.9,73.1
60122,2010-01-01 04:10:00,1108687,47,0.0099,72.9,72.8,72.7,72.9,73.1,73.5
61315,2010-01-01 04:15:00,1108687,46,0.0099,72.8,72.7,72.9,73.1,73.5,73.4
62508,2010-01-01 04:20:00,1108687,45,0.009000000000000001,72.7,72.9,73.1,73.5,73.4,73.6
63701,2010-01-01 04:25:00,1108687,40,0.0085,72.9,73.1,73.5,73.4,73.6,73.2
64894,2010-01-01 04:30:00,1108687,48,0.0106,73.1,73.5,73.4,73.6,73.2,72.7
66087,2010-01-01 04:35:00,1108687,46,0.0091,73.5,73.4,73.6,73.2,72.7,72.3
67280,2010-01-01 04:40:00,1108687,44,0.0093,73.4,73.6,73.2,72.7,72.3,73.2
68473,2010-01-01 04:45:00,1108687,55,0.0119,73.6,73.2,72.7,72.3,73.2,72.7
69666,2010-01-01 04:50:00,1108687,54,0.011000000000000001,73.2,72.7,72.3,73.2,72.7,73.4
70859,2010-01-01 04:55:00,1108687,42,0.0091,72.7,72.3,73.2,72.7,73.4,73.2
72052,2010-01-01 05:00:00,1108687,50,0.0113,72.3,73.2,72.7,73.4,73.2,73.3
73245,2010-01-01 05:05:00,1108687,59,0.0113,73.2,72.7,73.4,73.2,73.3,74.0
74438,2010-01-01 05:10:00,1108687,33,0.006999999999999999,72.7,73.4,73.2,73.3,74.0,74.0
75631,2010-01-01 05:15:00,1108687,54,0.0105,73.4,73.2,73.3,74.0,74.0,73.6
76824,2010-01-01 05:20:00,1108687,37,0.0075,73.2,73.3,74.0,74.0,73.6,73.6
78017,2010-01-01 05:25:00,1108687,50,0.0099,73.3,74.0,74.0,73.6,73.6,73.9
79210,2010-01-01 05:30:00,1108687,48,0.0092,74.0,74.0,73.6,73.6,73.9,73.7
80403,2010-01-01 05:35:00,1108687,58,0.0129,74.0,73.6,73.6,73.9,73.7,74.0
81596,2010-01-01 05:40:00,1108687,57,0.0112,73.6,73.6,73.9,73.7,74.0,73.8
82789,2010-01-01 05:45:00,1108687,41,0.0079,73.6,73.9,73.7,74.0,73.8,73.8
83982,2010-01-01 05:50:00,1108687,56,0.0125,73.9,73.7,74.0,73.8,73.8,73.6
85175,2010-01-01 05:55:00,1108687,54,0.0107,73.7,74.0,73.8,73.8,73.6,74.8
86368,2010-01-01 06:00:00,1108687,55,0.0112,74.0,73.8,73.8,73.6,74.8,74.2
87561,2010-01-01 06:05:00,1108687,70,0.0143,73.8,73.8,73.6,74.8,74.2,74.4
88754,2010-01-01 06:10:00,1108687,43,0.0086,73.8,73.6,74.8,74.2,74.4,73.9
89947,2010-01-01 06:15:00,1108687,59,0.0123,73.6,74.8,74.2,74.4,73.9,74.3
91140,2010-01-01 06:20:00,1108687,71,0.0137,74.8,74.2,74.4,73.9,74.3,74.3
92333,2010-01-01 06:25:00,1108687,72,0.0142,74.2,74.4,73.9,74.3,74.3,74.2
93526,2010-01-01 06:30:00,1108687,82,0.0164,74.4,73.9,74.3,74.3,74.2,73.9
94719,2010-01-01 06:35:00,1108687,83,0.0166,73.9,74.3,74.3,74.2,73.9,74.1
95912,2010-01-01 06:40:00,1108687,84,0.0168,74.3,74.3,74.2,73.9,74.1,73.9
97105,2010-01-01 06:45:00,1108687,84,0.0166,74.3,74.2,73.9,74.1,73.9,74.2
98298,2010-01-01 06:50:00,1108687,91,0.0185,74.2,73.9,74.1,73.9,74.2,75.1
99491,2010-01-01 06:55:00,1108687,94,0.0192,73.9,74.1,73.9,74.2,75.1,74.0
100684,2010-01-01 07:00:00,1108687,102,0.0204,74.1,73.9,74.2,75.1,74.0,74.3
101877,2010-01-01 07:05:00,1108687,87,0.0177,73.9,74.2,75.1,74.0,74.3,74.6
103070,2010-01-01 07:10:00,1108687,101,0.0195,74.2,75.1,74.0,74.3,74.6,74.6
104263,2010-01-01 07:15:00,1108687,93,0.0182,75.1,74.0,74.3,74.6,74.6,74.5
105456,2010-01-01 07:20:00,1108687,100,0.0201,74.0,74.3,74.6,74.6,74.5,73.9
106649,2010-01-01 07:25:00,1108687,127,0.0246,74.3,74.6,74.6,74.5,73.9,74.2
107842,2010-01-01 07:30:00,1108687,113,0.0219,74.6,74.6,74.5,73.9,74.2,75.0
109035,2010-01-01 07:35:00,1108687,122,0.0249,74.6,74.5,73.9,74.2,75.0,74.2
110228,2010-01-01 07:40:00,1108687,130,0.0252,74.5,73.9,74.2,75.0,74.2,74.9
111421,2010-01-01 07:45:00,1108687,126,0.0261,73.9,74.2,75.0,74.2,74.9,74.0
112614,2010-01-01 07:50:00,1108687,142,0.0274,74.2,75.0,74.2,74.9,74.0,73.9
113807,2010-01-01 07:55:00,1108687,145,0.0278,75.0,74.2,74.9,74.0,73.9,73.8
115000,2010-01-01 08:00:00,1108687,143,0.0281,74.2,74.9,74.0,73.9,73.8,73.5
116193,2010-01-01 08:05:00,1108687,155,0.0302,74.9,74.0,73.9,73.8,73.5,73.2
117386,2010-01-01 08:10:00,1108687,153,0.0323,74.0,73.9,73.8,73.5,73.2,73.2
118579,2010-01-01 08:15:00,1108687,169,0.033,73.9,73.8,73.5,73.2,73.2,73.0
119772,2010-01-01 08:20:00,1108687,180,0.0361,73.8,73.5,73.2,73.2,73.0,72.9
120965,2010-01-01 08:25:00,1108687,159,0.0315,73.5,73.2,73.2,73.0,72.9,72.7
122158,2010-01-01 08:30:00,1108687,143,0.0285,73.2,73.2,73.0,72.9,72.7,73.6
123351,2010-01-01 08:35:00,1108687,145,0.0292,73.2,73.0,72.9,72.7,73.6,74.3
124544,2010-01-01 08:40:00,1108687,158,0.0318,73.0,72.9,72.7,73.6,74.3,74.1
125737,2010-01-01 08:45:00,1108687,196,0.0397,72.9,72.7,73.6,74.3,74.1,73.9
126930,2010-01-01 08:50:00,1108687,220,0.0437,72.7,73.6,74.3,74.1,73.9,73.3
128123,2010-01-01 08:55:00,1108687,201,0.0391,73.6,74.3,74.1,73.9,73.3,73.2
129316,2010-01-01 09:00:00,1108687,183,0.0353,74.3,74.1,73.9,73.3,73.2,73.1
130509,2010-01-01 09:05:00,1108687,188,0.0365,74.1,73.9,73.3,73.2,73.1,73.4
131702,2010-01-01 09:10:00,1108687,214,0.042,73.9,73.3,73.2,73.1,73.4,73.7
132895,2010-01-01 09:15:00,1108687,211,0.0428,73.3,73.2,73.1,73.4,73.7,73.2
134088,2010-01-01 09:20:00,1108687,234,0.0467,73.2,73.1,73.4,73.7,73.2,71.8
135281,2010-01-01 09:25:00,1108687,217,0.0437,73.1,73.4,73.7,73.2,71.8,72.5
136474,2010-01-01 09:30:00,1108687,245,0.0482,73.4,73.7,73.2,71.8,72.5,73.1
137667,2010-01-01 09:35:00,1108687,258,0.0502,73.7,73.2,71.8,72.5,73.1,73.2
138860,2010-01-01 09:40:00,1108687,236,0.0471,73.2,71.8,72.5,73.1,73.2,72.5
140053,2010-01-01 09:45:00,1108687,251,0.0526,71.8,72.5,73.1,73.2,72.5,73.6
141246,2010-01-01 09:50:00,1108687,299,0.0595,72.5,73.1,73.2,72.5,73.6,73.2
142439,2010-01-01 09:55:00,1108687,265,0.0525,73.1,73.2,72.5,73.6,73.2,72.1
143632,2010-01-01 10:00:00,1108687,256,0.0501,73.2,72.5,73.6,73.2,72.1,71.9
144825,2010-01-01 10:05:00,1108687,292,0.0597,72.5,73.6,73.2,72.1,71.9,72.8
146018,2010-01-01 10:10:00,1108687,265,0.0515,73.6,73.2,72.1,71.9,72.8,73.2
147211,2010-01-01 10:15:00,1108687,314,0.0625,73.2,72.1,71.9,72.8,73.2,71.9
148404,2010-01-01 10:20:00,1108687,302,0.062,72.1,71.9,72.8,73.2,71.9,72.0
149597,2010-01-01 10:25:00,1108687,263,0.0527,71.9,72.8,73.2,71.9,72.0,71.6
150790,2010-01-01 10:30:00,1108687,284,0.0559,72.8,73.2,71.9,72.0,71.6,71.8
151983,2010-01-01 10:35:00,1108687,335,0.0657,73.2,71.9,72.0,71.6,71.8,72.1
153176,2010-01-01 10:40:00,1108687,346,0.0709,71.9,72.0,71.6,71.8,72.1,72.6
154369,2010-01-01 10:45:00,1108687,307,0.0615,72.0,71.6,71.8,72.1,72.6,72.3
155562,2010-01-01 10:50:00,1108687,355,0.0721,71.6,71.8,72.1,72.6,72.3,71.9
156755,2010-01-01 10:55:00,1108687,324,0.0654,71.8,72.1,72.6,72.3,71.9,71.2
157948,2010-01-01 11:00:00,1108687,362,0.0722,72.1,72.6,72.3,71.9,71.2,71.1
159141,2010-01-01 11:05:00,1108687,352,0.0699,72.6,72.3,71.9,71.2,71.1,71.6
160334,2010-01-01 11:10:00,1108687,338,0.0678,72.3,71.9,71.2,71.1,71.6,71.3
161527,2010-01-01 11:15:00,1108687,368,0.0745,71.9,71.2,71.1,71.6,71.3,70.7
162720,2010-01-01 11:20:00,1108687,346,0.0711,71.2,71.1,71.6,71.3,70.7,71.1
163913,2010-01-01 11:25:00,1108687,348,0.0717,71.1,71.6,71.3,70.7,71.1,71.3
165106,2010-01-01 11:30:00,1108687,384,0.0778,71.6,71.3,70.7,71.1,71.3,71.5
166299,2010-01-01 11:35:00,1108687,404,0.08199999999999999,71.3,70.7,71.1,71.3,71.5,71.5
167492,2010-01-01 11:40:00,1108687,406,0.0834,70.7,71.1,71.3,71.5,71.5,71.5
168685,2010-01-01 11:45:00,1108687,370,0.0752,71.1,71.3,71.5,71.5,71.5,71.2
169878,2010-01-01 11:50:00,1108687,408,0.0824,71.3,71.5,71.5,71.5,71.2,71.6
171071,2010-01-01 11:55:00,1108687,383,0.0775,71.5,71.5,71.5,71.2,71.6,71.0
172264,2010-01-01 12:00:00,1108687,388,0.0783,71.5,71.5,71.2,71.6,71.0,70.7
173457,2010-01-01 12:05:00,1108687,459,0.0939,71.5,71.2,71.6,71.0,70.7,70.6
174650,2010-01-01 12:10:00,1108687,396,0.0802,71.2,71.6,71.0,70.7,70.6,71.4
175843,2010-01-01 12:15:00,1108687,380,0.0769,71.6,71.0,70.7,70.6,71.4,72.2
177036,2010-01-01 12:20:00,1108687,411,0.0847,71.0,70.7,70.6,71.4,72.2,71.0
178229,2010-01-01 12:25:00,1108687,384,0.0793,70.7,70.6,71.4,72.2,71.0,70.6
179422,2010-01-01 12:30:00,1108687,410,0.0838,70.6,71.4,72.2,71.0,70.6,70.2
180615,2010-01-01 12:35:00,1108687,402,0.0808,71.4,72.2,71.0,70.6,70.2,70.9
181808,2010-01-01 12:40:00,1108687,380,0.0751,72.2,71.0,70.6,70.2,70.9,72.2
183001,2010-01-01 12:45:00,1108687,416,0.086,71.0,70.6,70.2,70.9,72.2,70.9
184194,2010-01-01 12:50:00,1108687,392,0.0808,70.6,70.2,70.9,72.2,70.9,71.4
185387,2010-01-01 12:55:00,1108687,401,0.0834,70.2,70.9,72.2,70.9,71.4,70.6
186580,2010-01-01 13:00:00,1108687,342,0.0697,70.9,72.2,70.9,71.4,70.6,71.7
187773,2010-01-01 13:05:00,1108687,364,0.0716,72.2,70.9,71.4,70.6,71.7,72.2
188966,2010-01-01 13:10:00,1108687,368,0.0762,70.9,71.4,70.6,71.7,72.2,71.7
190159,2010-01-01 13:15:00,1108687,360,0.0727,71.4,70.6,71.7,72.2,71.7,71.9
191352,2010-01-01 13:20:00,1108687,354,0.0727,70.6,71.7,72.2,71.7,71.9,72.1
192545,2010-01-01 13:25:00,1108687,400,0.0795,71.7,72.2,71.7,71.9,72.1,72.4
193738,2010-01-01 13:30:00,1108687,390,0.0779,72.2,71.7,71.9,72.1,72.4,71.5
194931,2010-01-01 13:35:00,1108687,357,0.0723,71.7,71.9,72.1,72.4,71.5,72.1
196124,2010-01-01 13:40:00,1108687,360,0.0721,71.9,72.1,72.4,71.5,72.1,71.6
197317,2010-01-01 13:45:00,1108687,380,0.076,72.1,72.4,71.5,72.1,71.6,72.0
198510,2010-01-01 13:50:00,1108687,345,0.0682,72.4,71.5,72.1,71.6,72.0,70.6
199703,2010-01-01 13:55:00,1108687,397,0.0809,71.5,72.1,71.6,72.0,70.6,71.0
200896,2010-01-01 14:00:00,1108687,351,0.0698,72.1,71.6,72.0,70.6,71.0,71.7
202089,2010-01-01 14:05:00,1108687,376,0.0765,71.6,72.0,70.6,71.0,71.7,72.2
203282,2010-01-01 14:10:00,1108687,377,0.0751,72.0,70.6,71.0,71.7,72.2,71.9
204475,2010-01-01 14:15:00,1108687,397,0.083,70.6,71.0,71.7,72.2,71.9,71.4
205668,2010-01-01 14:20:00,1108687,368,0.0744,71.0,71.7,72.2,71.9,71.4,70.8
206861,2010-01-01 14:25:00,1108687,368,0.0739,71.7,72.2,71.9,71.4,70.8,71.2
208054,2010-01-01 14:30:00,1108687,418,0.0831,72.2,71.9,71.4,70.8,71.2,72.4
209247,2010-01-01 14:35:00,1108687,343,0.0691,71.9,71.4,70.8,71.2,72.4,71.2
210440,2010-01-01 14:40:00,1108687,354,0.0732,71.4,70.8,71.2,72.4,71.2,71.3
211633,2010-01-01 14:45:00,1108687,391,0.0802,70.8,71.2,72.4,71.2,71.3,71.4
212826,2010-01-01 14:50:00,1108687,386,0.078,71.2,72.4,71.2,71.3,71.4,71.7
214019,2010-01-01 14:55:00,1108687,332,0.0658,72.4,71.2,71.3,71.4,71.7,71.9
215212,2010-01-01 15:00:00,1108687,386,0.0796,71.2,71.3,71.4,71.7,71.9,71.4
216405,2010-01-01 15:05:00,1108687,374,0.0759,71.3,71.4,71.7,71.9,71.4,71.9
217598,2010-01-01 15:10:00,1108687,406,0.0822,71.4,71.7,71.9,71.4,71.9,71.1
218791,2010-01-01 15:15:00,1108687,386,0.0778,71.7,71.9,71.4,71.9,71.1,70.8
219984,2010-01-01 15:20:00,1108687,345,0.0693,71.9,71.4,71.9,71.1,70.8,71.1
221177,2010-01-01 15:25:00,1108687,403,0.0821,71.4,71.9,71.1,70.8,71.1,71.9
222370,2010-01-01 15:30:00,1108687,341,0.0684,71.9,71.1,70.8,71.1,71.9,71.9
223563,2010-01-01 15:35:00,1108687,384,0.0793,71.1,70.8,71.1,71.9,71.9,71.7
224756,2010-01-01 15:40:00,1108687,373,0.0765,70.8,71.1,71.9,71.9,71.7,71.6
225949,2010-01-01 15:45:00,1108687,349,0.0706,71.1,71.9,71.9,71.7,71.6,72.5
227142,2010-01-01 15:50:00,1108687,401,0.0801,71.9,71.9,71.7,71.6,72.5,72.4
228335,2010-01-01 15:55:00,1108687,363,0.0733,71.9,71.7,71.6,72.5,72.4,72.4
229528,2010-01-01 16:00:00,1108687,363,0.0744,71.7,71.6,72.5,72.4,72.4,72.2
230721,2010-01-01 16:05:00,1108687,358,0.0728,71.6,72.5,72.4,72.4,72.2,72.0
231914,2010-01-01 16:10:00,1108687,340,0.0675,72.5,72.4,72.4,72.2,72.0,70.6
233107,2010-01-01 16:15:00,1108687,359,0.0717,72.4,72.4,72.2,72.0,70.6,70.7
234300,2010-01-01 16:20:00,1108687,372,0.075,72.4,72.2,72.0,70.6,70.7,70.5
235493,2010-01-01 16:25:00,1108687,357,0.07200000000000001,72.2,72.0,70.6,70.7,70.5,71.3
236686,2010-01-01 16:30:00,1108687,382,0.0777,72.0,70.6,70.7,70.5,71.3,71.8
237879,2010-01-01 16:35:00,1108687,398,0.0836,70.6,70.7,70.5,71.3,71.8,71.0
239072,2010-01-01 16:40:00,1108687,363,0.075,70.7,70.5,71.3,71.8,71.0,71.5
240265,2010-01-01 16:45:00,1108687,349,0.0724,70.5,71.3,71.8,71.0,71.5,71.6
241458,2010-01-01 16:50:00,1108687,376,0.0763,71.3,71.8,71.0,71.5,71.6,71.3
242651,2010-01-01 16:55:00,1108687,296,0.0597,71.8,71.0,71.5,71.6,71.3,71.4
243844,2010-01-01 17:00:00,1108687,343,0.071,71.0,71.5,71.6,71.3,71.4,71.3
245037,2010-01-01 17:05:00,1108687,327,0.0669,71.5,71.6,71.3,71.4,71.3,70.5
246230,2010-01-01 17:10:00,1108687,321,0.0652,71.6,71.3,71.4,71.3,70.5,71.4
247423,2010-01-01 17:15:00,1108687,363,0.0758,71.3,71.4,71.3,70.5,71.4,72.2
248616,2010-01-01 17:20:00,1108687,323,0.0663,71.4,71.3,70.5,71.4,72.2,71.8
249809,2010-01-01 17:25:00,1108687,348,0.0716,71.3,70.5,71.4,72.2,71.8,72.4
251002,2010-01-01 17:30:00,1108687,402,0.0851,70.5,71.4,72.2,71.8,72.4,72.7
252195,2010-01-01 17:35:00,1108687,349,0.0714,71.4,72.2,71.8,72.4,72.7,73.1
253388,2010-01-01 17:40:00,1108687,320,0.0647,72.2,71.8,72.4,72.7,73.1,72.2
254581,2010-01-01 17:45:00,1108687,331,0.0688,71.8,72.4,72.7,73.1,72.2,71.8
255774,2010-01-01 17:50:00,1108687,332,0.0675,72.4,72.7,73.1,72.2,71.8,72.3
256967,2010-01-01 17:55:00,1108687,319,0.0648,72.7,73.1,72.2,71.8,72.3,72.1
258160,2010-01-01 18:00:00,1108687,357,0.0721,73.1,72.2,71.8,72.3,72.1,72.1
259353,2010-01-01 18:05:00,1108687,360,0.0751,72.2,71.8,72.3,72.1,72.1,73.1
260546,2010-01-01 18:10:00,1108687,327,0.068,71.8,72.3,72.1,72.1,73.1,73.9
261739,2010-01-01 18:15:00,1108687,310,0.0634,72.3,72.1,72.1,73.1,73.9,74.1
262932,2010-01-01 18:20:00,1108687,314,0.0653,72.1,72.1,73.1,73.9,74.1,73.7
264125,2010-01-01 18:25:00,1108687,325,0.0674,72.1,73.1,73.9,74.1,73.7,74.1
265318,2010-01-01 18:30:00,1108687,318,0.0642,73.1,73.9,74.1,73.7,74.1,74.1
266511,2010-01-01 18:35:00,1108687,266,0.0532,73.9,74.1,73.7,74.1,74.1,73.5
267704,2010-01-01 18:40:00,1108687,277,0.0561,74.1,73.7,74.1,74.1,73.5,74.1
268897,2010-01-01 18:45:00,1108687,306,0.0627,73.7,74.1,74.1,73.5,74.1,74.2
270090,2010-01-01 18:50:00,1108687,280,0.0564,74.1,74.1,73.5,74.1,74.2,73.7
271283,2010-01-01 18:55:00,1108687,280,0.0564,74.1,73.5,74.1,74.2,73.7,74.4
272476,2010-01-01 19:00:00,1108687,245,0.0508,73.5,74.1,74.2,73.7,74.4,73.4
273669,2010-01-01 19:05:00,1108687,251,0.0505,74.1,74.2,73.7,74.4,73.4,73.6
274862,2010-01-01 19:10:00,1108687,246,0.0493,74.2,73.7,74.4,73.4,73.6,74.3
276055,2010-01-01 19:15:00,1108687,226,0.0462,73.7,74.4,73.4,73.6,74.3,73.8
277248,2010-01-01 19:20:00,1108687,324,0.065,74.4,73.4,73.6,74.3,73.8,73.4
278441,2010-01-01 19:25:00,1108687,240,0.0498,73.4,73.6,74.3,73.8,73.4,73.9
279634,2010-01-01 19:30:00,1108687,250,0.0501,73.6,74.3,73.8,73.4,73.9,73.7
280827,2010-01-01 19:35:00,1108687,248,0.0498,74.3,73.8,73.4,73.9,73.7,74.2
282020,2010-01-01 19:40:00,1108687,245,0.0503,73.8,73.4,73.9,73.7,74.2,74.9
283213,2010-01-01 19:45:00,1108687,221,0.045,73.4,73.9,73.7,74.2,74.9,74.1
284406,2010-01-01 19:50:00,1108687,248,0.0501,73.9,73.7,74.2,74.9,74.1,73.5
285599,2010-01-01 19:55:00,1108687,215,0.0436,73.7,74.2,74.9,74.1,73.5,74.2
286792,2010-01-01 20:00:00,1108687,231,0.0457,74.2,74.9,74.1,73.5,74.2,73.3
287985,2010-01-01 20:05:00,1108687,250,0.0493,74.9,74.1,73.5,74.2,73.3,73.1
289178,2010-01-01 20:10:00,1108687,229,0.0465,74.1,73.5,74.2,73.3,73.1,73.8
290371,2010-01-01 20:15:00,1108687,229,0.0466,73.5,74.2,73.3,73.1,73.8,74.3
291564,2010-01-01 20:20:00,1108687,233,0.0466,74.2,73.3,73.1,73.8,74.3,73.6
292757,2010-01-01 20:25:00,1108687,224,0.047,73.3,73.1,73.8,74.3,73.6,72.5
293950,2010-01-01 20:30:00,1108687,219,0.0462,73.1,73.8,74.3,73.6,72.5,72.6
295143,2010-01-01 20:35:00,1108687,205,0.0412,73.8,74.3,73.6,72.5,72.6,73.8
296336,2010-01-01 20:40:00,1108687,215,0.0431,74.3,73.6,72.5,72.6,73.8,73.9
297529,2010-01-01 20:45:00,1108687,204,0.0432,73.6,72.5,72.6,73.8,73.9,73.4
298722,2010-01-01 20:50:00,1108687,184,0.0407,72.5,72.6,73.8,73.9,73.4,73.7
299915,2010-01-01 20:55:00,1108687,201,0.0412,72.6,73.8,73.9,73.4,73.7,73.4
301108,2010-01-01 21:00:00,1108687,183,0.0359,73.8,73.9,73.4,73.7,73.4,73.4
302301,2010-01-01 21:05:00,1108687,171,0.0353,73.9,73.4,73.7,73.4,73.4,73.6
303494,2010-01-01 21:10:00,1108687,206,0.0437,73.4,73.7,73.4,73.4,73.6,74.0
304687,2010-01-01 21:15:00,1108687,186,0.0384,73.7,73.4,73.4,73.6,74.0,73.4
305880,2010-01-01 21:20:00,1108687,202,0.0418,73.4,73.4,73.6,74.0,73.4,74.4
307073,2010-01-01 21:25:00,1108687,176,0.0367,73.4,73.6,74.0,73.4,74.4,74.1
308266,2010-01-01 21:30:00,1108687,170,0.0345,73.6,74.0,73.4,74.4,74.1,74.4
309459,2010-01-01 21:35:00,1108687,184,0.0369,74.0,73.4,74.4,74.1,74.4,73.7
310652,2010-01-01 21:40:00,1108687,172,0.0363,73.4,74.4,74.1,74.4,73.7,73.7
311845,2010-01-01 21:45:00,1108687,204,0.040999999999999995,74.4,74.1,74.4,73.7,73.7,73.9
313038,2010-01-01 21:50:00,1108687,180,0.0369,74.1,74.4,73.7,73.7,73.9,73.7
314231,2010-01-01 21:55:00,1108687,175,0.0349,74.4,73.7,73.7,73.9,73.7,74.1
315424,2010-01-01 22:00:00,1108687,180,0.0375,73.7,73.7,73.9,73.7,74.1,74.3
316617,2010-01-01 22:05:00,1108687,165,0.0329,73.7,73.9,73.7,74.1,74.3,73.8
317810,2010-01-01 22:10:00,1108687,180,0.0362,73.9,73.7,74.1,74.3,73.8,74.1
319003,2010-01-01 22:15:00,1108687,156,0.0326,73.7,74.1,74.3,73.8,74.1,73.8
320196,2010-01-01 22:20:00,1108687,153,0.0302,74.1,74.3,73.8,74.1,73.8,73.2
321389,2010-01-01 22:25:00,1108687,152,0.0308,74.3,73.8,74.1,73.8,73.2,73.4
322582,2010-01-01 22:30:00,1108687,124,0.0256,73.8,74.1,73.8,73.2,73.4,69.4
323775,2010-01-01 22:35:00,1108687,139,0.0273,74.1,73.8,73.2,73.4,69.4,69.9
324968,2010-01-01 22:40:00,1108687,149,0.0306,73.8,73.2,73.4,69.4,69.9,71.2
326161,2010-01-01 22:45:00,1108687,133,0.0287,73.2,73.4,69.4,69.9,71.2,72.2
327354,2010-01-01 22:50:00,1108687,130,0.0257,73.4,69.4,69.9,71.2,72.2,71.3
345250,2010-01-02 00:05:00,1108687,58,0.0121,69.4,69.9,71.2,72.2,71.3,72.0
346443,2010-01-02 00:10:00,1108687,82,0.0169,69.9,71.2,72.2,71.3,72.0,72.2
347636,2010-01-02 00:15:00,1108687,63,0.0123,71.2,72.2,71.3,72.0,72.2,71.8
348829,2010-01-02 00:20:00,1108687,79,0.0155,72.2,71.3,72.0,72.2,71.8,72.1
350022,2010-01-02 00:25:00,1108687,63,0.0127,71.3,72.0,72.2,71.8,72.1,71.8
351215,2010-01-02 00:30:00,1108687,68,0.0134,72.0,72.2,71.8,72.1,71.8,71.2
352408,2010-01-02 00:35:00,1108687,75,0.0158,72.2,71.8,72.1,71.8,71.2,72.4
353601,2010-01-02 00:40:00,1108687,56,0.0115,71.8,72.1,71.8,71.2,72.4,72.2
354794,2010-01-02 00:45:00,1108687,59,0.0123,72.1,71.8,71.2,72.4,72.2,72.4
355987,2010-01-02 00:50:00,1108687,50,0.0103,71.8,71.2,72.4,72.2,72.4,73.1
357180,2010-01-02 00:55:00,1108687,40,0.0091,71.2,72.4,72.2,72.4,73.1,72.6
358373,2010-01-02 01:00:00,1108687,48,0.01,72.4,72.2,72.4,73.1,72.6,71.7
359566,2010-01-02 01:05:00,1108687,48,0.0101,72.2,72.4,73.1,72.6,71.7,72.4
360759,2010-01-02 01:10:00,1108687,53,0.0109,72.4,73.1,72.6,71.7,72.4,72.4
361952,2010-01-02 01:15:00,1108687,61,0.0116,73.1,72.6,71.7,72.4,72.4,72.7
363145,2010-01-02 01:20:00,1108687,51,0.0099,72.6,71.7,72.4,72.4,72.7,72.4
364338,2010-01-02 01:25:00,1108687,46,0.0104,71.7,72.4,72.4,72.7,72.4,72.5
365531,2010-01-02 01:30:00,1108687,41,0.008,72.4,72.4,72.7,72.4,72.5,72.4
366724,2010-01-02 01:35:00,1108687,37,0.0077,72.4,72.7,72.4,72.5,72.4,72.2
367917,2010-01-02 01:40:00,1108687,35,0.006999999999999999,72.7,72.4,72.5,72.4,72.2,72.6
369110,2010-01-02 01:45:00,1108687,42,0.0084,72.4,72.5,72.4,72.2,72.6,72.7
370303,2010-01-02 01:50:00,1108687,51,0.0101,72.5,72.4,72.2,72.6,72.7,73.1
371496,2010-01-02 01:55:00,1108687,33,0.0066,72.4,72.2,72.6,72.7,73.1,73.2
372689,2010-01-02 02:00:00,1108687,47,0.0095,72.2,72.6,72.7,73.1,73.2,73.3
373882,2010-01-02 02:05:00,1108687,26,0.0049,72.6,72.7,73.1,73.2,73.3,73.4
375075,2010-01-02 02:10:00,1108687,43,0.0084,72.7,73.1,73.2,73.3,73.4,73.1
376268,2010-01-02 02:15:00,1108687,43,0.0089,73.1,73.2,73.3,73.4,73.1,72.9
377461,2010-01-02 02:20:00,1108687,36,0.008,73.2,73.3,73.4,73.1,72.9,72.3
378654,2010-01-02 02:25:00,1108687,41,0.0087,73.3,73.4,73.1,72.9,72.3,72.9
379847,2010-01-02 02:30:00,1108687,36,0.0075,73.4,73.1,72.9,72.3,72.9,72.8
381040,2010-01-02 02:35:00,1108687,29,0.0063,73.1,72.9,72.3,72.9,72.8,72.8
382233,2010-01-02 02:40:00,1108687,39,0.0077,72.9,72.3,72.9,72.8,72.8,72.7
383426,2010-01-02 02:45:00,1108687,30,0.0069,72.3,72.9,72.8,72.8,72.7,72.6
384619,2010-01-02 02:50:00,1108687,37,0.006999999999999999,72.9,72.8,72.8,72.7,72.6,72.0
385812,2010-01-02 02:55:00,1108687,23,0.0043,72.8,72.8,72.7,72.6,72.0,72.1
387005,2010-01-02 03:00:00,1108687,24,0.0049,72.8,72.7,72.6,72.0,72.1,72.8
388198,2010-01-02 03:05:00,1108687,35,0.0079,72.7,72.6,72.0,72.1,72.8,72.7
389391,2010-01-02 03:10:00,1108687,18,0.0035,72.6,72.0,72.1,72.8,72.7,73.3
390584,2010-01-02 03:15:00,1108687,27,0.0064,72.0,72.1,72.8,72.7,73.3,72.6
391777,2010-01-02 03:20:00,1108687,32,0.0072,72.1,72.8,72.7,73.3,72.6,72.0
392970,2010-01-02 03:25:00,1108687,18,0.0035,72.8,72.7,73.3,72.6,72.0,73.1
394163,2010-01-02 03:30:00,1108687,25,0.0059,72.7,73.3,72.6,72.0,73.1,73.0
395356,2010-01-02 03:35:00,1108687,31,0.0071,73.3,72.6,72.0,73.1,73.0,72.7
396549,2010-01-02 03:40:00,1108687,26,0.0057,72.6,72.0,73.1,73.0,72.7,71.9
397742,2010-01-02 03:45:00,1108687,29,0.0073,72.0,73.1,73.0,72.7,71.9,72.6
398935,2010-01-02 03:50:00,1108687,25,0.0055,73.1,73.0,72.7,71.9,72.6,72.7
400128,2010-01-02 03:55:00,1108687,23,0.0059,73.0,72.7,71.9,72.6,72.7,73.6
401321,2010-01-02 04:00:00,1108687,34,0.008,72.7,71.9,72.6,72.7,73.6,74.1
402514,2010-01-02 04:05:00,1108687,27,0.0068,71.9,72.6,72.7,73.6,74.1,72.5
403707,2010-01-02 04:10:00,1108687,31,0.0067,72.6,72.7,73.6,74.1,72.5,74.0
404900,2010-01-02 04:15:00,1108687,37,0.0077,72.7,73.6,74.1,72.5,74.0,73.8
406093,2010-01-02 04:20:00,1108687,23,0.0054,73.6,74.1,72.5,74.0,73.8,73.5
407286,2010-01-02 04:25:00,1108687,23,0.0046,74.1,72.5,74.0,73.8,73.5,74.0
408479,2010-01-02 04:30:00,1108687,33,0.0085,72.5,74.0,73.8,73.5,74.0,73.3
409672,2010-01-02 04:35:00,1108687,33,0.0066,74.0,73.8,73.5,74.0,73.3,74.1
410865,2010-01-02 04:40:00,1108687,32,0.0069,73.8,73.5,74.0,73.3,74.1,73.4
412058,2010-01-02 04:45:00,1108687,49,0.012,73.5,74.0,73.3,74.1,73.4,73.5
413251,2010-01-02 04:50:00,1108687,44,0.0087,74.0,73.3,74.1,73.4,73.5,73.2
414444,2010-01-02 04:55:00,1108687,31,0.006999999999999999,73.3,74.1,73.4,73.5,73.2,74.1
415637,2010-01-02 05:00:00,1108687,45,0.009000000000000001,74.1,73.4,73.5,73.2,74.1,74.7
416830,2010-01-02 05:05:00,1108687,49,0.0117,73.4,73.5,73.2,74.1,74.7,74.6
418023,2010-01-02 05:10:00,1108687,41,0.0087,73.5,73.2,74.1,74.7,74.6,74.5
419216,2010-01-02 05:15:00,1108687,56,0.0126,73.2,74.1,74.7,74.6,74.5,73.8
420409,2010-01-02 05:20:00,1108687,44,0.0086,74.1,74.7,74.6,74.5,73.8,73.3
421602,2010-01-02 05:25:00,1108687,42,0.0089,74.7,74.6,74.5,73.8,73.3,72.7
422795,2010-01-02 05:30:00,1108687,46,0.0096,74.6,74.5,73.8,73.3,72.7,71.9
423988,2010-01-02 05:35:00,1108687,57,0.0122,74.5,73.8,73.3,72.7,71.9,72.3
425181,2010-01-02 05:40:00,1108687,64,0.0143,73.8,73.3,72.7,71.9,72.3,73.8
426374,2010-01-02 05:45:00,1108687,64,0.0157,73.3,72.7,71.9,72.3,73.8,74.0
427567,2010-01-02 05:50:00,1108687,71,0.0173,72.7,71.9,72.3,73.8,74.0,72.5
428760,2010-01-02 05:55:00,1108687,73,0.0183,71.9,72.3,73.8,74.0,72.5,73.6
429953,2010-01-02 06:00:00,1108687,58,0.0126,72.3,73.8,74.0,72.5,73.6,72.5
431146,2010-01-02 06:05:00,1108687,77,0.0156,73.8,74.0,72.5,73.6,72.5,73.3
432339,2010-01-02 06:10:00,1108687,94,0.0201,74.0,72.5,73.6,72.5,73.3,72.6
433532,2010-01-02 06:15:00,1108687,94,0.0223,72.5,73.6,72.5,73.3,72.6,73.2
434725,2010-01-02 06:20:00,1108687,76,0.0155,73.6,72.5,73.3,72.6,73.2,73.5
435918,2010-01-02 06:25:00,1108687,127,0.0285,72.5,73.3,72.6,73.2,73.5,73.7
437111,2010-01-02 06:30:00,1108687,96,0.0208,73.3,72.6,73.2,73.5,73.7,72.7
438304,2010-01-02 06:35:00,1108687,113,0.0256,72.6,73.2,73.5,73.7,72.7,73.0
439497,2010-01-02 06:40:00,1108687,162,0.0339,73.2,73.5,73.7,72.7,73.0,73.2
440690,2010-01-02 06:45:00,1108687,119,0.0256,73.5,73.7,72.7,73.0,73.2,72.5
441883,2010-01-02 06:50:00,1108687,130,0.0267,73.7,72.7,73.0,73.2,72.5,73.5
443076,2010-01-02 06:55:00,1108687,132,0.03,72.7,73.0,73.2,72.5,73.5,73.0
444269,2010-01-02 07:00:00,1108687,140,0.0289,73.0,73.2,72.5,73.5,73.0,73.7
445462,2010-01-02 07:05:00,1108687,143,0.0309,73.2,72.5,73.5,73.0,73.7,73.6
446655,2010-01-02 07:10:00,1108687,120,0.026000000000000002,72.5,73.5,73.0,73.7,73.6,73.5
447848,2010-01-02 07:15:00,1108687,145,0.0291,73.5,73.0,73.7,73.6,73.5,73.2
449041,2010-01-02 07:20:00,1108687,157,0.0339,73.0,73.7,73.6,73.5,73.2,73.5
450234,2010-01-02 07:25:00,1108687,160,0.0328,73.7,73.6,73.5,73.2,73.5,73.3
451427,2010-01-02 07:30:00,1108687,164,0.0343,73.6,73.5,73.2,73.5,73.3,72.8
452620,2010-01-02 07:35:00,1108687,177,0.0359,73.5,73.2,73.5,73.3,72.8,72.9
453813,2010-01-02 07:40:00,1108687,218,0.0458,73.2,73.5,73.3,72.8,72.9,72.7
455006,2010-01-02 07:45:00,1108687,214,0.0441,73.5,73.3,72.8,72.9,72.7,73.9
456199,2010-01-02 07:50:00,1108687,229,0.0482,73.3,72.8,72.9,72.7,73.9,72.7
457392,2010-01-02 07:55:00,1108687,200,0.0418,72.8,72.9,72.7,73.9,72.7,73.4
458585,2010-01-02 08:00:00,1108687,233,0.0484,72.9,72.7,73.9,72.7,73.4,74.2
459778,2010-01-02 08:05:00,1108687,202,0.0437,72.7,73.9,72.7,73.4,74.2,74.5
460971,2010-01-02 08:10:00,1108687,208,0.0413,73.9,72.7,73.4,74.2,74.5,74.4
462164,2010-01-02 08:15:00,1108687,224,0.0469,72.7,73.4,74.2,74.5,74.4,73.5
463357,2010-01-02 08:20:00,1108687,249,0.0502,73.4,74.2,74.5,74.4,73.5,72.7
464550,2010-01-02 08:25:00,1108687,245,0.0491,74.2,74.5,74.4,73.5,72.7,71.4
465743,2010-01-02 08:30:00,1108687,244,0.0485,74.5,74.4,73.5,72.7,71.4,72.0
466936,2010-01-02 08:35:00,1108687,246,0.0495,74.4,73.5,72.7,71.4,72.0,72.6
468129,2010-01-02 08:40:00,1108687,252,0.0539,73.5,72.7,71.4,72.0,72.6,72.9
469322,2010-01-02 08:45:00,1108687,318,0.0664,72.7,71.4,72.0,72.6,72.9,73.5
470515,2010-01-02 08:50:00,1108687,296,0.0638,71.4,72.0,72.6,72.9,73.5,73.1
471708,2010-01-02 08:55:00,1108687,265,0.0547,72.0,72.6,72.9,73.5,73.1,72.5
472901,2010-01-02 09:00:00,1108687,322,0.0663,72.6,72.9,73.5,73.1,72.5,73.8
474094,2010-01-02 09:05:00,1108687,248,0.0513,72.9,73.5,73.1,72.5,73.8,73.7
475287,2010-01-02 09:10:00,1108687,306,0.0619,73.5,73.1,72.5,73.8,73.7,72.2
476480,2010-01-02 09:15:00,1108687,296,0.0613,73.1,72.5,73.8,73.7,72.2,72.2
477673,2010-01-02 09:20:00,1108687,352,0.0726,72.5,73.8,73.7,72.2,72.2,72.7
478866,2010-01-02 09:25:00,1108687,297,0.059000000000000004,73.8,73.7,72.2,72.2,72.7,72.0
480059,2010-01-02 09:30:00,1108687,342,0.069,73.7,72.2,72.2,72.7,72.0,71.6
481252,2010-01-02 09:35:00,1108687,352,0.0746,72.2,72.2,72.7,72.0,71.6,71.2
482445,2010-01-02 09:40:00,1108687,372,0.0777,72.2,72.7,72.0,71.6,71.2,71.2
483638,2010-01-02 09:45:00,1108687,379,0.0775,72.7,72.0,71.6,71.2,71.2,71.1
484831,2010-01-02 09:50:00,1108687,394,0.0823,72.0,71.6,71.2,71.2,71.1,70.6
486024,2010-01-02 09:55:00,1108687,368,0.0768,71.6,71.2,71.2,71.1,70.6,70.7
487217,2010-01-02 10:00:00,1108687,439,0.092,71.2,71.2,71.1,70.6,70.7,71.2
488410,2010-01-02 10:05:00,1108687,401,0.0845,71.2,71.1,70.6,70.7,71.2,71.3
489603,2010-01-02 10:10:00,1108687,462,0.0966,71.1,70.6,70.7,71.2,71.3,72.0
490796,2010-01-02 10:15:00,1108687,406,0.0867,70.6,70.7,71.2,71.3,72.0,69.8
491989,2010-01-02 10:20:00,1108687,473,0.0999,70.7,71.2,71.3,72.0,69.8,69.2
493182,2010-01-02 10:25:00,1108687,447,0.0922,71.2,71.3,72.0,69.8,69.2,69.8
494375,2010-01-02 10:30:00,1108687,440,0.0922,71.3,72.0,69.8,69.2,69.8,69.9
495568,2010-01-02 10:35:00,1108687,401,0.0817,72.0,69.8,69.2,69.8,69.9,69.6
496761,2010-01-02 10:40:00,1108687,519,0.1118,69.8,69.2,69.8,69.9,69.6,68.7
497954,2010-01-02 10:45:00,1108687,477,0.1026,69.2,69.8,69.9,69.6,68.7,68.4
499147,2010-01-02 10:50:00,1108687,486,0.1024,69.8,69.9,69.6,68.7,68.4,69.3
500340,2010-01-02 10:55:00,1108687,430,0.0917,69.9,69.6,68.7,68.4,69.3,68.8
501533,2010-01-02 11:00:00,1108687,468,0.0997,69.6,68.7,68.4,69.3,68.8,70.4
502726,2010-01-02 11:05:00,1108687,444,0.0963,68.7,68.4,69.3,68.8,70.4,69.4
503919,2010-01-02 11:10:00,1108687,514,0.111,68.4,69.3,68.8,70.4,69.4,69.3
505112,2010-01-02 11:15:00,1108687,442,0.0932,69.3,68.8,70.4,69.4,69.3,68.5
506305,2010-01-02 11:20:00,1108687,489,0.1072,68.8,70.4,69.4,69.3,68.5,67.6
507498,2010-01-02 11:25:00,1108687,475,0.0979,70.4,69.4,69.3,68.5,67.6,68.3
508691,2010-01-02 11:30:00,1108687,465,0.1011,69.4,69.3,68.5,67.6,68.3,69.2
509884,2010-01-02 11:35:00,1108687,482,0.10400000000000001,69.3,68.5,67.6,68.3,69.2,69.9
511077,2010-01-02 11:40:00,1108687,496,0.1071,68.5,67.6,68.3,69.2,69.9,67.6
512270,2010-01-02 11:45:00,1108687,502,0.111,67.6,68.3,69.2,69.9,67.6,69.1
513463,2010-01-02 11:50:00,1108687,487,0.1054,68.3,69.2,69.9,67.6,69.1,68.0
514656,2010-01-02 11:55:00,1108687,468,0.0984,69.2,69.9,67.6,69.1,68.0,68.7
515849,2010-01-02 12:00:00,1108687,460,0.0963,69.9,67.6,69.1,68.0,68.7,69.4
517042,2010-01-02 12:05:00,1108687,468,0.1065,67.6,69.1,68.0,68.7,69.4,69.2
518235,2010-01-02 12:10:00,1108687,459,0.0967,69.1,68.0,68.7,69.4,69.2,68.7
519428,2010-01-02 12:15:00,1108687,455,0.1002,68.0,68.7,69.4,69.2,68.7,69.1
520621,2010-01-02 12:20:00,1108687,456,0.0984,68.7,69.4,69.2,68.7,69.1,68.2
521814,2010-01-02 12:25:00,1108687,410,0.086,69.4,69.2,68.7,69.1,68.2,67.2
523007,2010-01-02 12:30:00,1108687,474,0.1012,69.2,68.7,69.1,68.2,67.2,68.1
524200,2010-01-02 12:35:00,1108687,483,0.1042,68.7,69.1,68.2,67.2,68.1,69.2
525393,2010-01-02 12:40:00,1108687,430,0.0915,69.1,68.2,67.2,68.1,69.2,70.1
526586,2010-01-02 12:45:00,1108687,467,0.1018,68.2,67.2,68.1,69.2,70.1,69.9
527779,2010-01-02 12:50:00,1108687,524,0.1163,67.2,68.1,69.2,70.1,69.9,69.4
528972,2010-01-02 12:55:00,1108687,456,0.0981,68.1,69.2,70.1,69.9,69.4,70.0
530165,2010-01-02 13:00:00,1108687,414,0.0871,69.2,70.1,69.9,69.4,70.0,69.9
531358,2010-01-02 13:05:00,1108687,477,0.0999,70.1,69.9,69.4,70.0,69.9,70.6
532551,2010-01-02 13:10:00,1108687,462,0.0977,69.9,69.4,70.0,69.9,70.6,69.7
533744,2010-01-02 13:15:00,1108687,469,0.1,69.4,70.0,69.9,70.6,69.7,71.1
534937,2010-01-02 13:20:00,1108687,499,0.1042,70.0,69.9,70.6,69.7,71.1,70.3
536130,2010-01-02 13:25:00,1108687,425,0.09,69.9,70.6,69.7,71.1,70.3,69.6
537323,2010-01-02 13:30:00,1108687,441,0.0912,70.6,69.7,71.1,70.3,69.6,69.3
538516,2010-01-02 13:35:00,1108687,449,0.0966,69.7,71.1,70.3,69.6,69.3,70.2
539709,2010-01-02 13:40:00,1108687,457,0.09300000000000001,71.1,70.3,69.6,69.3,70.2,70.1
540902,2010-01-02 13:45:00,1108687,441,0.0937,70.3,69.6,69.3,70.2,70.1,69.7
542095,2010-01-02 13:50:00,1108687,481,0.1043,69.6,69.3,70.2,70.1,69.7,69.9
543288,2010-01-02 13:55:00,1108687,479,0.1018,69.3,70.2,70.1,69.7,69.9,69.5
544481,2010-01-02 14:00:00,1108687,435,0.09,70.2,70.1,69.7,69.9,69.5,70.1
545674,2010-01-02 14:05:00,1108687,410,0.0878,70.1,69.7,69.9,69.5,70.1,69.4
546867,2010-01-02 14:10:00,1108687,478,0.1005,69.7,69.9,69.5,70.1,69.4,69.2
548060,2010-01-02 14:15:00,1108687,459,0.0963,69.9,69.5,70.1,69.4,69.2,68.8
549253,2010-01-02 14:20:00,1108687,459,0.0981,69.5,70.1,69.4,69.2,68.8,67.6
550446,2010-01-02 14:25:00,1108687,458,0.0964,70.1,69.4,69.2,68.8,67.6,67.6
551639,2010-01-02 14:30:00,1108687,473,0.1012,69.4,69.2,68.8,67.6,67.6,68.4
552832,2010-01-02 14:35:00,1108687,467,0.0996,69.2,68.8,67.6,67.6,68.4,69.9
554025,2010-01-02 14:40:00,1108687,456,0.0975,68.8,67.6,67.6,68.4,69.9,70.3
555218,2010-01-02 14:45:00,1108687,481,0.1062,67.6,67.6,68.4,69.9,70.3,70.1
556411,2010-01-02 14:50:00,1108687,535,0.1178,67.6,68.4,69.9,70.3,70.1,69.6
557604,2010-01-02 14:55:00,1108687,480,0.1023,68.4,69.9,70.3,70.1,69.6,69.6
558797,2010-01-02 15:00:00,1108687,494,0.1034,69.9,70.3,70.1,69.6,69.6,70.8
559990,2010-01-02 15:05:00,1108687,431,0.0899,70.3,70.1,69.6,69.6,70.8,70.4
561183,2010-01-02 15:10:00,1108687,459,0.0977,70.1,69.6,69.6,70.8,70.4,70.0
562376,2010-01-02 15:15:00,1108687,448,0.0959,69.6,69.6,70.8,70.4,70.0,70.8
563569,2010-01-02 15:20:00,1108687,481,0.1023,69.6,70.8,70.4,70.0,70.8,70.7
564762,2010-01-02 15:25:00,1108687,460,0.0956,70.8,70.4,70.0,70.8,70.7,70.2
565955,2010-01-02 15:30:00,1108687,475,0.1011,70.4,70.0,70.8,70.7,70.2,70.3
567148,2010-01-02 15:35:00,1108687,498,0.1044,70.0,70.8,70.7,70.2,70.3,69.7
568341,2010-01-02 15:40:00,1108687,475,0.0987,70.8,70.7,70.2,70.3,69.7,69.2
569534,2010-01-02 15:45:00,1108687,428,0.0894,70.7,70.2,70.3,69.7,69.2,68.9
570727,2010-01-02 15:50:00,1108687,462,0.0985,70.2,70.3,69.7,69.2,68.9,69.6
571920,2010-01-02 15:55:00,1108687,464,0.0969,70.3,69.7,69.2,68.9,69.6,68.9
573113,2010-01-02 16:00:00,1108687,434,0.0926,69.7,69.2,68.9,69.6,68.9,69.4
574306,2010-01-02 16:05:00,1108687,452,0.0968,69.2,68.9,69.6,68.9,69.4,69.9
575499,2010-01-02 16:10:00,1108687,501,0.1076,68.9,69.6,68.9,69.4,69.9,70.6
576692,2010-01-02 16:15:00,1108687,498,0.1064,69.6,68.9,69.4,69.9,70.6,70.2
577885,2010-01-02 16:20:00,1108687,492,0.1053,68.9,69.4,69.9,70.6,70.2,70.7
579078,2010-01-02 16:25:00,1108687,490,0.1037,69.4,69.9,70.6,70.2,70.7,71.0
580271,2010-01-02 16:30:00,1108687,493,0.1046,69.9,70.6,70.2,70.7,71.0,71.0
581464,2010-01-02 16:35:00,1108687,448,0.0936,70.6,70.2,70.7,71.0,71.0,69.9
582657,2010-01-02 16:40:00,1108687,431,0.0915,70.2,70.7,71.0,71.0,69.9,68.1
583850,2010-01-02 16:45:00,1108687,466,0.0966,70.7,71.0,71.0,69.9,68.1,67.3
585043,2010-01-02 16:50:00,1108687,444,0.0917,71.0,71.0,69.9,68.1,67.3,67.5
586236,2010-01-02 16:55:00,1108687,486,0.1007,71.0,69.9,68.1,67.3,67.5,67.2
587429,2010-01-02 17:00:00,1108687,404,0.0865,69.9,68.1,67.3,67.5,67.2,67.8
588622,2010-01-02 17:05:00,1108687,461,0.1022,68.1,67.3,67.5,67.2,67.8,67.2
589815,2010-01-02 17:10:00,1108687,505,0.1125,67.3,67.5,67.2,67.8,67.2,67.9
591008,2010-01-02 17:15:00,1108687,478,0.1048,67.5,67.2,67.8,67.2,67.9,67.5
592201,2010-01-02 17:20:00,1108687,493,0.1084,67.2,67.8,67.2,67.9,67.5,68.0
593394,2010-01-02 17:25:00,1108687,496,0.1076,67.8,67.2,67.9,67.5,68.0,68.7
594587,2010-01-02 17:30:00,1108687,519,0.1153,67.2,67.9,67.5,68.0,68.7,70.2
595780,2010-01-02 17:35:00,1108687,466,0.1012,67.9,67.5,68.0,68.7,70.2,69.4
596973,2010-01-02 17:40:00,1108687,510,0.1119,67.5,68.0,68.7,70.2,69.4,70.0
598166,2010-01-02 17:45:00,1108687,450,0.0973,68.0,68.7,70.2,69.4,70.0,70.6
599359,2010-01-02 17:50:00,1108687,479,0.102,68.7,70.2,69.4,70.0,70.6,70.8
600552,2010-01-02 17:55:00,1108687,441,0.0918,70.2,69.4,70.0,70.6,70.8,70.6
601745,2010-01-02 18:00:00,1108687,465,0.0998,69.4,70.0,70.6,70.8,70.6,70.8
602938,2010-01-02 18:05:00,1108687,423,0.0885,70.0,70.6,70.8,70.6,70.8,71.0
604131,2010-01-02 18:10:00,1108687,434,0.0902,70.6,70.8,70.6,70.8,71.0,71.4
605324,2010-01-02 18:15:00,1108687,460,0.0959,70.8,70.6,70.8,71.0,71.4,72.0
606517,2010-01-02 18:20:00,1108687,470,0.0985,70.6,70.8,71.0,71.4,72.0,71.3
607710,2010-01-02 18:25:00,1108687,415,0.0869,70.8,71.0,71.4,72.0,71.3,71.7
608903,2010-01-02 18:30:00,1108687,456,0.0952,71.0,71.4,72.0,71.3,71.7,71.7
610096,2010-01-02 18:35:00,1108687,405,0.0831,71.4,72.0,71.3,71.7,71.7,71.6
611289,2010-01-02 18:40:00,1108687,380,0.0779,72.0,71.3,71.7,71.7,71.6,71.9
612482,2010-01-02 18:45:00,1108687,445,0.09300000000000001,71.3,71.7,71.7,71.6,71.9,71.7
613675,2010-01-02 18:50:00,1108687,388,0.0797,71.7,71.7,71.6,71.9,71.7,71.6
614868,2010-01-02 18:55:00,1108687,435,0.0895,71.7,71.6,71.9,71.7,71.6,72.5
616061,2010-01-02 19:00:00,1108687,376,0.0777,71.6,71.9,71.7,71.6,72.5,73.6
617254,2010-01-02 19:05:00,1108687,337,0.0698,71.9,71.7,71.6,72.5,73.6,73.5
618447,2010-01-02 19:10:00,1108687,356,0.0733,71.7,71.6,72.5,73.6,73.5,73.2
619640,2010-01-02 19:15:00,1108687,312,0.0642,71.6,72.5,73.6,73.5,73.2,72.6
620833,2010-01-02 19:20:00,1108687,354,0.0721,72.5,73.6,73.5,73.2,72.6,72.8
622026,2010-01-02 19:25:00,1108687,310,0.061,73.6,73.5,73.2,72.6,72.8,73.7
623219,2010-01-02 19:30:00,1108687,304,0.0609,73.5,73.2,72.6,72.8,73.7,72.1
624412,2010-01-02 19:35:00,1108687,280,0.0572,73.2,72.6,72.8,73.7,72.1,71.5
625605,2010-01-02 19:40:00,1108687,306,0.0628,72.6,72.8,73.7,72.1,71.5,72.0
626798,2010-01-02 19:45:00,1108687,293,0.0593,72.8,73.7,72.1,71.5,72.0,72.5
627991,2010-01-02 19:50:00,1108687,313,0.0621,73.7,72.1,71.5,72.0,72.5,72.0
629184,2010-01-02 19:55:00,1108687,323,0.0681,72.1,71.5,72.0,72.5,72.0,71.7
630377,2010-01-02 20:00:00,1108687,337,0.0705,71.5,72.0,72.5,72.0,71.7,72.3
631570,2010-01-02 20:05:00,1108687,300,0.0614,72.0,72.5,72.0,71.7,72.3,72.7
632763,2010-01-02 20:10:00,1108687,324,0.0651,72.5,72.0,71.7,72.3,72.7,73.0
633956,2010-01-02 20:15:00,1108687,329,0.0686,72.0,71.7,72.3,72.7,73.0,72.3
635149,2010-01-02 20:20:00,1108687,303,0.063,71.7,72.3,72.7,73.0,72.3,73.2
636342,2010-01-02 20:25:00,1108687,332,0.0666,72.3,72.7,73.0,72.3,73.2,72.8
637535,2010-01-02 20:30:00,1108687,262,0.053,72.7,73.0,72.3,73.2,72.8,72.6
638728,2010-01-02 20:35:00,1108687,286,0.0578,73.0,72.3,73.2,72.8,72.6,72.1
639921,2010-01-02 20:40:00,1108687,261,0.0541,72.3,73.2,72.8,72.6,72.1,72.4
641114,2010-01-02 20:45:00,1108687,254,0.0504,73.2,72.8,72.6,72.1,72.4,71.2
642307,2010-01-02 20:50:00,1108687,328,0.0666,72.8,72.6,72.1,72.4,71.2,71.4
643500,2010-01-02 20:55:00,1108687,252,0.0507,72.6,72.1,72.4,71.2,71.4,72.6
644693,2010-01-02 21:00:00,1108687,312,0.0645,72.1,72.4,71.2,71.4,72.6,73.4
645886,2010-01-02 21:05:00,1108687,252,0.0512,72.4,71.2,71.4,72.6,73.4,73.3
647079,2010-01-02 21:10:00,1108687,282,0.0598,71.2,71.4,72.6,73.4,73.3,73.6
648272,2010-01-02 21:15:00,1108687,284,0.0575,71.4,72.6,73.4,73.3,73.6,73.1
649465,2010-01-02 21:20:00,1108687,216,0.0423,72.6,73.4,73.3,73.6,73.1,72.6
650658,2010-01-02 21:25:00,1108687,278,0.0545,73.4,73.3,73.6,73.1,72.6,72.9
651851,2010-01-02 21:30:00,1108687,249,0.0505,73.3,73.6,73.1,72.6,72.9,72.9
653044,2010-01-02 21:35:00,1108687,238,0.0475,73.6,73.1,72.6,72.9,72.9,72.9
654237,2010-01-02 21:40:00,1108687,218,0.044000000000000004,73.1,72.6,72.9,72.9,72.9,72.9
655430,2010-01-02 21:45:00,1108687,265,0.0542,72.6,72.9,72.9,72.9,72.9,72.7
656623,2010-01-02 21:50:00,1108687,243,0.0492,72.9,72.9,72.9,72.9,72.7,72.5
657816,2010-01-02 21:55:00,1108687,280,0.0562,72.9,72.9,72.9,72.7,72.5,72.9
659009,2010-01-02 22:00:00,1108687,245,0.0489,72.9,72.9,72.7,72.5,72.9,72.5
660202,2010-01-02 22:05:00,1108687,246,0.0499,72.9,72.7,72.5,72.9,72.5,72.5
661395,2010-01-02 22:10:00,1108687,220,0.0441,72.7,72.5,72.9,72.5,72.5,71.6
662588,2010-01-02 22:15:00,1108687,234,0.0474,72.5,72.9,72.5,72.5,71.6,72.4
663781,2010-01-02 22:20:00,1108687,255,0.0517,72.9,72.5,72.5,71.6,72.4,71.8
664974,2010-01-02 22:25:00,1108687,203,0.0419,72.5,72.5,71.6,72.4,71.8,71.7
666167,2010-01-02 22:30:00,1108687,224,0.0451,72.5,71.6,72.4,71.8,71.7,70.0
667360,2010-01-02 22:35:00,1108687,213,0.0446,71.6,72.4,71.8,71.7,70.0,71.0
668553,2010-01-02 22:40:00,1108687,210,0.0419,72.4,71.8,71.7,70.0,71.0,70.5
669746,2010-01-02 22:45:00,1108687,224,0.0463,71.8,71.7,70.0,71.0,70.5,70.5
670939,2010-01-02 22:50:00,1108687,223,0.0457,71.7,70.0,71.0,70.5,70.5,71.0
688835,2010-01-03 00:05:00,1108687,107,0.0218,70.0,71.0,70.5,70.5,71.0,72.0
690028,2010-01-03 00:10:00,1108687,110,0.0212,71.0,70.5,70.5,71.0,72.0,72.2
691221,2010-01-03 00:15:00,1108687,86,0.0181,70.5,70.5,71.0,72.0,72.2,72.0
692414,2010-01-03 00:20:00,1108687,91,0.0194,70.5,71.0,72.0,72.2,72.0,72.4
693607,2010-01-03 00:25:00,1108687,79,0.0153,71.0,72.0,72.2,72.0,72.4,72.6
694800,2010-01-03 00:30:00,1108687,110,0.0216,72.0,72.2,72.0,72.4,72.6,72.4
695993,2010-01-03 00:35:00,1108687,80,0.0158,72.2,72.0,72.4,72.6,72.4,73.0
697186,2010-01-03 00:40:00,1108687,86,0.0176,72.0,72.4,72.6,72.4,73.0,73.5
698379,2010-01-03 00:45:00,1108687,88,0.0175,72.4,72.6,72.4,73.0,73.5,73.1
699572,2010-01-03 00:50:00,1108687,73,0.0142,72.6,72.4,73.0,73.5,73.1,72.6
700765,2010-01-03 00:55:00,1108687,78,0.0156,72.4,73.0,73.5,73.1,72.6,72.8
701958,2010-01-03 01:00:00,1108687,70,0.013000000000000001,73.0,73.5,73.1,72.6,72.8,72.1
703151,2010-01-03 01:05:00,1108687,57,0.0106,73.5,73.1,72.6,72.8,72.1,72.1
704344,2010-01-03 01:10:00,1108687,83,0.0172,73.1,72.6,72.8,72.1,72.1,71.9
705537,2010-01-03 01:15:00,1108687,68,0.0135,72.6,72.8,72.1,72.1,71.9,71.6
706730,2010-01-03 01:20:00,1108687,61,0.0115,72.8,72.1,72.1,71.9,71.6,70.8
707923,2010-01-03 01:25:00,1108687,65,0.0134,72.1,72.1,71.9,71.6,70.8,70.9
709116,2010-01-03 01:30:00,1108687,70,0.013999999999999999,72.1,71.9,71.6,70.8,70.9,70.3
710309,2010-01-03 01:35:00,1108687,68,0.0133,71.9,71.6,70.8,70.9,70.3,70.3
711502,2010-01-03 01:40:00,1108687,60,0.0126,71.6,70.8,70.9,70.3,70.3,70.5
712695,2010-01-03 01:45:00,1108687,66,0.0131,70.8,70.9,70.3,70.3,70.5,69.8
713888,2010-01-03 01:50:00,1108687,70,0.0146,70.9,70.3,70.3,70.5,69.8,69.8
715081,2010-01-03 01:55:00,1108687,59,0.0124,70.3,70.3,70.5,69.8,69.8,70.6
716274,2010-01-03 02:00:00,1108687,62,0.0127,70.3,70.5,69.8,69.8,70.6,70.3
717467,2010-01-03 02:05:00,1108687,60,0.0123,70.5,69.8,69.8,70.6,70.3,69.5
718660,2010-01-03 02:10:00,1108687,72,0.0152,69.8,69.8,70.6,70.3,69.5,69.9
719853,2010-01-03 02:15:00,1108687,49,0.0096,69.8,70.6,70.3,69.5,69.9,69.8
721046,2010-01-03 02:20:00,1108687,64,0.013000000000000001,70.6,70.3,69.5,69.9,69.8,69.8
722239,2010-01-03 02:25:00,1108687,73,0.0144,70.3,69.5,69.9,69.8,69.8,70.8
723432,2010-01-03 02:30:00,1108687,58,0.0133,69.5,69.9,69.8,69.8,70.8,70.5
724625,2010-01-03 02:35:00,1108687,60,0.012,69.9,69.8,69.8,70.8,70.5,70.3
725818,2010-01-03 02:40:00,1108687,47,0.0099,69.8,69.8,70.8,70.5,70.3,70.3
727011,2010-01-03 02:45:00,1108687,46,0.0097,69.8,70.8,70.5,70.3,70.3,70.5
728204,2010-01-03 02:50:00,1108687,44,0.0085,70.8,70.5,70.3,70.3,70.5,70.3
729397,2010-01-03 02:55:00,1108687,51,0.0109,70.5,70.3,70.3,70.5,70.3,71.0
730590,2010-01-03 03:00:00,1108687,43,0.0084,70.3,70.3,70.5,70.3,71.0,71.0
731783,2010-01-03 03:05:00,1108687,39,0.0075,70.3,70.5,70.3,71.0,71.0,71.4
732976,2010-01-03 03:10:00,1108687,35,0.0068,70.5,70.3,71.0,71.0,71.4,71.0
734169,2010-01-03 03:15:00,1108687,42,0.009000000000000001,70.3,71.0,71.0,71.4,71.0,71.0
735362,2010-01-03 03:20:00,1108687,37,0.0072,71.0,71.0,71.4,71.0,71.0,71.1
736555,2010-01-03 03:25:00,1108687,28,0.0059,71.0,71.4,71.0,71.0,71.1,71.2
737748,2010-01-03 03:30:00,1108687,33,0.0063,71.4,71.0,71.0,71.1,71.2,71.6
738941,2010-01-03 03:35:00,1108687,29,0.006,71.0,71.0,71.1,71.2,71.6,71.8
740134,2010-01-03 03:40:00,1108687,25,0.0048,71.0,71.1,71.2,71.6,71.8,71.2
741327,2010-01-03 03:45:00,1108687,39,0.0082,71.1,71.2,71.6,71.8,71.2,71.8
742520,2010-01-03 03:50:00,1108687,46,0.0088,71.2,71.6,71.8,71.2,71.8,71.9
743713,2010-01-03 03:55:00,1108687,29,0.0054,71.6,71.8,71.2,71.8,71.9,71.3
744906,2010-01-03 04:00:00,1108687,36,0.0072,71.8,71.2,71.8,71.9,71.3,71.5
746099,2010-01-03 04:05:00,1108687,29,0.0058,71.2,71.8,71.9,71.3,71.5,71.4
747292,2010-01-03 04:10:00,1108687,34,0.0067,71.8,71.9,71.3,71.5,71.4,71.4
748485,2010-01-03 04:15:00,1108687,35,0.0071,71.9,71.3,71.5,71.4,71.4,71.6
749678,2010-01-03 04:20:00,1108687,48,0.0109,71.3,71.5,71.4,71.4,71.6,71.7
750871,2010-01-03 04:25:00,1108687,34,0.0067,71.5,71.4,71.4,71.6,71.7,72.1
752064,2010-01-03 04:30:00,1108687,35,0.0069,71.4,71.4,71.6,71.7,72.1,71.7
753257,2010-01-03 04:35:00,1108687,37,0.0084,71.4,71.6,71.7,72.1,71.7,72.3
754450,2010-01-03 04:40:00,1108687,40,0.008,71.6,71.7,72.1,71.7,72.3,72.1
755643,2010-01-03 04:45:00,1108687,30,0.0068,71.7,72.1,71.7,72.3,72.1,71.2
756836,2010-01-03 04:50:00,1108687,36,0.0068,72.1,71.7,72.3,72.1,71.2,71.0
758029,2010-01-03 04:55:00,1108687,43,0.0091,71.7,72.3,72.1,71.2,71.0,72.0
759222,2010-01-03 05:00:00,1108687,52,0.0099,72.3,72.1,71.2,71.0,72.0,72.0
760415,2010-01-03 05:05:00,1108687,46,0.009000000000000001,72.1,71.2,71.0,72.0,72.0,72.4
761608,2010-01-03 05:10:00,1108687,62,0.0137,71.2,71.0,72.0,72.0,72.4,72.2
762801,2010-01-03 05:15:00,1108687,40,0.0091,71.0,72.0,72.0,72.4,72.2,71.9
763994,2010-01-03 05:20:00,1108687,56,0.0108,72.0,72.0,72.4,72.2,71.9,72.1
765187,2010-01-03 05:25:00,1108687,54,0.0115,72.0,72.4,72.2,71.9,72.1,72.1
766380,2010-01-03 05:30:00,1108687,50,0.0103,72.4,72.2,71.9,72.1,72.1,72.0
767573,2010-01-03 05:35:00,1108687,60,0.013000000000000001,72.2,71.9,72.1,72.1,72.0,72.8
768766,2010-01-03 05:40:00,1108687,69,0.0154,71.9,72.1,72.1,72.0,72.8,72.5
769959,2010-01-03 05:45:00,1108687,78,0.0164,72.1,72.1,72.0,72.8,72.5,72.0
771152,2010-01-03 05:50:00,1108687,62,0.0131,72.1,72.0,72.8,72.5,72.0,73.1
772345,2010-01-03 05:55:00,1108687,73,0.015,72.0,72.8,72.5,72.0,73.1,73.0
773538,2010-01-03 06:00:00,1108687,77,0.0148,72.8,72.5,72.0,73.1,73.0,73.2
774731,2010-01-03 06:05:00,1108687,59,0.0135,72.5,72.0,73.1,73.0,73.2,72.8
775924,2010-01-03 06:10:00,1108687,60,0.0119,72.0,73.1,73.0,73.2,72.8,71.6
777117,2010-01-03 06:15:00,1108687,77,0.0153,73.1,73.0,73.2,72.8,71.6,72.5
778310,2010-01-03 06:20:00,1108687,75,0.0161,73.0,73.2,72.8,71.6,72.5,71.8
779503,2010-01-03 06:25:00,1108687,75,0.0153,73.2,72.8,71.6,72.5,71.8,72.1
780696,2010-01-03 06:30:00,1108687,98,0.0202,72.8,71.6,72.5,71.8,72.1,72.3
781889,2010-01-03 06:35:00,1108687,116,0.0257,71.6,72.5,71.8,72.1,72.3,72.6
783082,2010-01-03 06:40:00,1108687,110,0.022000000000000002,72.5,71.8,72.1,72.3,72.6,73.0
784275,2010-01-03 06:45:00,1108687,135,0.0293,71.8,72.1,72.3,72.6,73.0,73.4
785468,2010-01-03 06:50:00,1108687,132,0.0273,72.1,72.3,72.6,73.0,73.4,73.2
786661,2010-01-03 06:55:00,1108687,107,0.0214,72.3,72.6,73.0,73.4,73.2,72.9
787854,2010-01-03 07:00:00,1108687,168,0.0333,72.6,73.0,73.4,73.2,72.9,72.1
789047,2010-01-03 07:05:00,1108687,145,0.0289,73.0,73.4,73.2,72.9,72.1,72.1
790240,2010-01-03 07:10:00,1108687,145,0.0282,73.4,73.2,72.9,72.1,72.1,72.8
791433,2010-01-03 07:15:00,1108687,125,0.0245,73.2,72.9,72.1,72.1,72.8,72.6
792626,2010-01-03 07:20:00,1108687,144,0.0298,72.9,72.1,72.1,72.8,72.6,72.6
793819,2010-01-03 07:25:00,1108687,157,0.0334,72.1,72.1,72.8,72.6,72.6,72.4
795012,2010-01-03 07:30:00,1108687,135,0.0266,72.1,72.8,72.6,72.6,72.4,73.1
796205,2010-01-03 07:35:00,1108687,169,0.0335,72.8,72.6,72.6,72.4,73.1,73.2
797398,2010-01-03 07:40:00,1108687,187,0.0369,72.6,72.6,72.4,73.1,73.2,73.3
798591,2010-01-03 07:45:00,1108687,145,0.0296,72.6,72.4,73.1,73.2,73.3,73.2
799784,2010-01-03 07:50:00,1108687,177,0.0352,72.4,73.1,73.2,73.3,73.2,72.8
800977,2010-01-03 07:55:00,1108687,162,0.0321,73.1,73.2,73.3,73.2,72.8,73.1
802170,2010-01-03 08:00:00,1108687,204,0.0413,73.2,73.3,73.2,72.8,73.1,72.4
803363,2010-01-03 08:05:00,1108687,163,0.0323,73.3,73.2,72.8,73.1,72.4,72.3
804556,2010-01-03 08:10:00,1108687,197,0.039,73.2,72.8,73.1,72.4,72.3,72.2
805749,2010-01-03 08:15:00,1108687,197,0.0403,72.8,73.1,72.4,72.3,72.2,72.2
806942,2010-01-03 08:20:00,1108687,236,0.0468,73.1,72.4,72.3,72.2,72.2,72.7
808135,2010-01-03 08:25:00,1108687,176,0.0361,72.4,72.3,72.2,72.2,72.7,73.5
809328,2010-01-03 08:30:00,1108687,217,0.0446,72.3,72.2,72.2,72.7,73.5,72.8
810521,2010-01-03 08:35:00,1108687,240,0.0488,72.2,72.2,72.7,73.5,72.8,72.6
811714,2010-01-03 08:40:00,1108687,238,0.0485,72.2,72.7,73.5,72.8,72.6,72.1
812907,2010-01-03 08:45:00,1108687,263,0.0515,72.7,73.5,72.8,72.6,72.1,70.7
814100,2010-01-03 08:50:00,1108687,242,0.0471,73.5,72.8,72.6,72.1,70.7,71.5
815293,2010-01-03 08:55:00,1108687,266,0.0545,72.8,72.6,72.1,70.7,71.5,71.8
816486,2010-01-03 09:00:00,1108687,258,0.0529,72.6,72.1,70.7,71.5,71.8,72.2
817679,2010-01-03 09:05:00,1108687,248,0.0509,72.1,70.7,71.5,71.8,72.2,71.8
818872,2010-01-03 09:10:00,1108687,223,0.0497,70.7,71.5,71.8,72.2,71.8,71.9
820065,2010-01-03 09:15:00,1108687,270,0.0537,71.5,71.8,72.2,71.8,71.9,71.6
821258,2010-01-03 09:20:00,1108687,258,0.0523,71.8,72.2,71.8,71.9,71.6,72.1
822451,2010-01-03 09:25:00,1108687,277,0.055,72.2,71.8,71.9,71.6,72.1,70.7
823644,2010-01-03 09:30:00,1108687,291,0.059000000000000004,71.8,71.9,71.6,72.1,70.7,71.9
824837,2010-01-03 09:35:00,1108687,323,0.0654,71.9,71.6,72.1,70.7,71.9,71.7
826030,2010-01-03 09:40:00,1108687,329,0.0667,71.6,72.1,70.7,71.9,71.7,71.8
827223,2010-01-03 09:45:00,1108687,343,0.0692,72.1,70.7,71.9,71.7,71.8,71.4
828416,2010-01-03 09:50:00,1108687,385,0.0811,70.7,71.9,71.7,71.8,71.4,71.6
829609,2010-01-03 09:55:00,1108687,335,0.0673,71.9,71.7,71.8,71.4,71.6,69.8
830802,2010-01-03 10:00:00,1108687,371,0.0766,71.7,71.8,71.4,71.6,69.8,70.5
831995,2010-01-03 10:05:00,1108687,379,0.0768,71.8,71.4,71.6,69.8,70.5,71.3
833188,2010-01-03 10:10:00,1108687,347,0.0713,71.4,71.6,69.8,70.5,71.3,71.7
834381,2010-01-03 10:15:00,1108687,380,0.0774,71.6,69.8,70.5,71.3,71.7,70.8
835574,2010-01-03 10:20:00,1108687,385,0.0821,69.8,70.5,71.3,71.7,70.8,70.4
836767,2010-01-03 10:25:00,1108687,400,0.0817,70.5,71.3,71.7,70.8,70.4,70.5
837960,2010-01-03 10:30:00,1108687,382,0.0768,71.3,71.7,70.8,70.4,70.5,70.0
839153,2010-01-03 10:35:00,1108687,403,0.0818,71.7,70.8,70.4,70.5,70.0,71.3
840346,2010-01-03 10:40:00,1108687,403,0.0838,70.8,70.4,70.5,70.0,71.3,70.9
841539,2010-01-03 10:45:00,1108687,439,0.0922,70.4,70.5,70.0,71.3,70.9,70.4
842732,2010-01-03 10:50:00,1108687,393,0.0816,70.5,70.0,71.3,70.9,70.4,69.7
843925,2010-01-03 10:55:00,1108687,387,0.0813,70.0,71.3,70.9,70.4,69.7,70.5
845118,2010-01-03 11:00:00,1108687,420,0.085,71.3,70.9,70.4,69.7,70.5,69.4
846311,2010-01-03 11:05:00,1108687,393,0.0809,70.9,70.4,69.7,70.5,69.4,69.5
847504,2010-01-03 11:10:00,1108687,386,0.0801,70.4,69.7,70.5,69.4,69.5,69.4
848697,2010-01-03 11:15:00,1108687,456,0.0964,69.7,70.5,69.4,69.5,69.4,70.1
849890,2010-01-03 11:20:00,1108687,420,0.0862,70.5,69.4,69.5,69.4,70.1,70.3
851083,2010-01-03 11:25:00,1108687,380,0.0812,69.4,69.5,69.4,70.1,70.3,70.0
852276,2010-01-03 11:30:00,1108687,491,0.1031,69.5,69.4,70.1,70.3,70.0,68.3
853469,2010-01-03 11:35:00,1108687,404,0.0845,69.4,70.1,70.3,70.0,68.3,69.1
854662,2010-01-03 11:40:00,1108687,402,0.0825,70.1,70.3,70.0,68.3,69.1,69.9
855855,2010-01-03 11:45:00,1108687,439,0.0911,70.3,70.0,68.3,69.1,69.9,70.1
857048,2010-01-03 11:50:00,1108687,459,0.0963,70.0,68.3,69.1,69.9,70.1,69.7
858241,2010-01-03 11:55:00,1108687,452,0.0999,68.3,69.1,69.9,70.1,69.7,69.8
