Timestamp,t30
2010/1/28 00:55,68.2
2010/1/28 01:00,68.4
2010/1/28 01:05,67.8
2010/1/28 01:10,69
2010/1/28 01:15,67.5
2010/1/28 01:20,67.9
2010/1/28 01:25,66.9
2010/1/28 01:30,68.4
2010/1/28 01:35,67.4
2010/1/28 01:40,65.8
2010/1/28 01:45,66.9
2010/1/28 01:50,67.7
2010/1/28 01:55,62.6
2010/1/28 02:00,65.7
2010/1/28 02:05,66.1
2010/1/28 02:10,64.8
2010/1/28 02:15,67
2010/1/28 02:20,66.7
2010/1/28 02:25,65
2010/1/28 02:30,66.1
2010/1/28 02:35,67.2
2010/1/28 02:40,64.9
2010/1/28 02:45,62.6
2010/1/28 02:50,64.7
2010/1/28 02:55,63.2
2010/1/28 03:00,64.4
2010/1/28 03:05,63.2
2010/1/28 03:10,62.1
2010/1/28 03:15,66.2
2010/1/28 03:20,61.8
2010/1/28 03:25,64.7
2010/1/28 03:30,65.7
2010/1/28 03:35,64.5
2010/1/28 03:40,63.2
2010/1/28 03:45,65.5
2010/1/28 03:50,64.4
2010/1/28 03:55,65.6
2010/1/28 04:00,66.8
2010/1/28 04:05,67.1
2010/1/28 04:10,68.5
2010/1/28 04:15,67.7
2010/1/28 04:20,67.5
2010/1/28 04:25,67.5
2010/1/28 04:30,69.9
2010/1/28 04:35,69.2
2010/1/28 04:40,67.9
2010/1/28 04:45,69.1
2010/1/28 04:50,69.1
2010/1/28 04:55,69.2
2010/1/28 05:00,69.5
2010/1/28 05:05,69
2010/1/28 05:10,71.4
2010/1/28 05:15,69.2
2010/1/28 05:20,70.2
2010/1/28 05:25,69.4
2010/1/28 05:30,68.7
2010/1/28 05:35,67.5
2010/1/28 05:40,66.9
2010/1/28 05:45,66.7
2010/1/28 05:50,67.8
2010/1/28 05:55,68
2010/1/28 06:00,69.4
2010/1/28 06:05,69.6
2010/1/28 06:10,70.5
2010/1/28 06:15,71.1
2010/1/28 06:20,71.2
2010/1/28 06:25,72.3
2010/1/28 06:30,71.6
2010/1/28 06:35,70.3
2010/1/28 06:40,71.1
2010/1/28 06:45,70
2010/1/28 06:50,71.7
2010/1/28 06:55,71.3
2010/1/28 07:00,70
2010/1/28 07:05,69.2
2010/1/28 07:10,69.4
2010/1/28 07:15,68.8
2010/1/28 07:20,69.1
2010/1/28 07:25,68.4
2010/1/28 07:30,68.8
2010/1/28 07:35,69.4
2010/1/28 07:40,71.9
2010/1/28 07:45,69.9
2010/1/28 07:50,70.7
2010/1/28 07:55,68.9
2010/1/28 08:00,68.5
2010/1/28 08:05,69.5
2010/1/28 08:10,70.5
2010/1/28 08:15,70.2
2010/1/28 08:20,68.3
2010/1/28 08:25,67.3
2010/1/28 08:30,68.2
2010/1/28 08:35,68.8
2010/1/28 08:40,67.6
2010/1/28 08:45,68.2
2010/1/28 08:50,67.1
2010/1/28 08:55,65.8
2010/1/28 09:00,65.7
2010/1/28 09:05,67.2
2010/1/28 09:10,67.2
2010/1/28 09:15,66.7
2010/1/28 09:20,65.4
2010/1/28 09:25,65.8
2010/1/28 09:30,65.9
2010/1/28 09:35,66.8
2010/1/28 09:40,66.1
2010/1/28 09:45,66.9
2010/1/28 09:50,67.4
2010/1/28 09:55,67.8
2010/1/28 10:00,67.2
2010/1/28 10:05,66.5
2010/1/28 10:10,66.2
2010/1/28 10:15,66.4
2010/1/28 10:20,66.7
2010/1/28 10:25,66.6
2010/1/28 10:30,68
2010/1/28 10:35,66.5
2010/1/28 10:40,66.6
2010/1/28 10:45,65.7
2010/1/28 10:50,67
2010/1/28 10:55,65.3
2010/1/28 11:00,66.4
2010/1/28 11:05,66.6
2010/1/28 11:10,66.9
2010/1/28 11:15,67.4
2010/1/28 11:20,66.6
2010/1/28 11:25,67.5
2010/1/28 11:30,68.3
2010/1/28 11:35,68
2010/1/28 11:40,68.6
2010/1/28 11:45,67.2
2010/1/28 11:50,68.2
2010/1/28 11:55,67.7
2010/1/28 12:00,67
2010/1/28 12:05,67
2010/1/28 12:10,66.6
2010/1/28 12:15,67.2
2010/1/28 12:20,67.2
2010/1/28 12:25,67.4
2010/1/28 12:30,67.7
2010/1/28 12:35,67
2010/1/28 12:40,65.9
2010/1/28 12:45,66.7
2010/1/28 12:50,67.6
2010/1/28 12:55,68.6
2010/1/28 13:00,67.3
2010/1/28 13:05,67.5
2010/1/28 13:10,67
2010/1/28 13:15,68
2010/1/28 13:20,66.6
2010/1/28 13:25,66.6
2010/1/28 13:30,67
2010/1/28 13:35,68.2
2010/1/28 13:40,67.6
2010/1/28 13:45,69.1
2010/1/28 13:50,67.2
2010/1/28 13:55,65.9
2010/1/28 14:00,66.7
2010/1/28 14:05,66.5
2010/1/28 14:10,66.1
2010/1/28 14:15,66
2010/1/28 14:20,65.3
2010/1/28 14:25,66.7
2010/1/28 14:30,66.6
2010/1/28 14:35,65.3
2010/1/28 14:40,65.5
2010/1/28 14:45,65.9
2010/1/28 14:50,65.2
2010/1/28 14:55,65.2
2010/1/28 15:00,65.8
2010/1/28 15:05,66.4
2010/1/28 15:10,66.3
2010/1/28 15:15,66.2
2010/1/28 15:20,65.7
2010/1/28 15:25,65.7
2010/1/28 15:30,65.6
2010/1/28 15:35,65.4
2010/1/28 15:40,65
2010/1/28 15:45,65
2010/1/28 15:50,63.7
2010/1/28 15:55,64.2
2010/1/28 16:00,65.9
2010/1/28 16:05,66
2010/1/28 16:10,65.7
2010/1/28 16:15,64.4
2010/1/28 16:20,64
2010/1/28 16:25,63.4
2010/1/28 16:30,61.4
2010/1/28 16:35,62.5
2010/1/28 16:40,62.5
2010/1/28 16:45,63.6
2010/1/28 16:50,62.4
2010/1/28 16:55,62.3
2010/1/28 17:00,63
2010/1/28 17:05,63.9
2010/1/28 17:10,65
2010/1/28 17:15,63.4
2010/1/28 17:20,61.7
2010/1/28 17:25,62.4
2010/1/28 17:30,62.9
2010/1/28 17:35,63.7
2010/1/28 17:40,63.5
2010/1/28 17:45,63.9
2010/1/28 17:50,65.4
2010/1/28 17:55,64.8
2010/1/28 18:00,64.2
2010/1/28 18:05,65.4
2010/1/28 18:10,64.8
2010/1/28 18:15,64.8
2010/1/28 18:20,64.6
2010/1/28 18:25,64.3
2010/1/28 18:30,65.3
2010/1/28 18:35,67.4
2010/1/28 18:40,67.8
2010/1/28 18:45,67.7
2010/1/28 18:50,67.4
2010/1/28 18:55,69.4
2010/1/28 19:00,69.9
2010/1/28 19:05,68.4
2010/1/28 19:10,68.7
2010/1/28 19:15,68.8
2010/1/28 19:20,68.4
2010/1/28 19:25,67.8
2010/1/28 19:30,67.4
2010/1/28 19:35,67.8
2010/1/28 19:40,68.9
2010/1/28 19:45,68.2
2010/1/28 19:50,68.4
2010/1/28 19:55,68.7
2010/1/28 20:00,69
2010/1/28 20:05,69.4
2010/1/28 20:10,68.5
2010/1/28 20:15,68.3
2010/1/28 20:20,68.8
2010/1/28 20:25,69.6
2010/1/28 20:30,67
2010/1/28 20:35,66.6
2010/1/28 20:40,65.6
2010/1/28 20:45,66.5
2010/1/28 20:50,66.6
2010/1/28 20:55,67.7
2010/1/28 21:00,67.2
2010/1/28 21:05,69.5
2010/1/28 21:10,68.9
2010/1/28 21:15,67.5
2010/1/28 21:20,68.5
2010/1/28 21:25,68.9
2010/1/28 21:30,69.4
2010/1/28 21:35,68.7
2010/1/28 21:40,67.9
2010/1/28 21:45,69.7
2010/1/28 21:50,70.2
2010/1/28 21:55,69.7
2010/1/28 22:00,70.1
2010/1/28 22:05,69.4
2010/1/28 22:10,68
2010/1/28 22:15,68.1
2010/1/28 22:20,67.4
2010/1/28 22:25,67.1
2010/1/28 22:30,68
2010/1/28 22:35,67.3
2010/1/28 22:40,68.1
2010/1/28 22:45,67.7
2010/1/28 22:50,69.1
2010/1/28 22:55,67.3
2010/1/28 23:00,68.4
2010/1/28 23:05,68.6
2010/1/28 23:10,68.5
2010/1/28 23:15,69.1
2010/1/28 23:20,66.5
2010/1/28 23:25,67
2010/1/28 23:30,67.1
2010/1/28 23:35,66.5
2010/1/28 23:40,66.7
2010/1/28 23:45,65.9
2010/1/29 00:55,66.6
2010/1/29 01:00,66.3
2010/1/29 01:05,65.2
2010/1/29 01:10,66.2
2010/1/29 01:15,65.1
2010/1/29 01:20,68.1
2010/1/29 01:25,67
2010/1/29 01:30,66.1
2010/1/29 01:35,67.7
2010/1/29 01:40,69.3
2010/1/29 01:45,69.2
2010/1/29 01:50,66.9
2010/1/29 01:55,67.7
2010/1/29 02:00,67.6
2010/1/29 02:05,68.4
2010/1/29 02:10,65.8
2010/1/29 02:15,63.7
2010/1/29 02:20,63.9
2010/1/29 02:25,58.7
2010/1/29 02:30,59.8
2010/1/29 02:35,59.2
2010/1/29 02:40,54.9
2010/1/29 02:45,56.1
2010/1/29 02:50,57.6
2010/1/29 02:55,56
2010/1/29 03:00,59.9
2010/1/29 03:05,58.9
2010/1/29 03:10,59.6
2010/1/29 03:15,60.5
2010/1/29 03:20,61.9
2010/1/29 03:25,62.8
2010/1/29 03:30,62.9
2010/1/29 03:35,62.8
2010/1/29 03:40,61.9
2010/1/29 03:45,62.8
2010/1/29 03:50,63.6
2010/1/29 03:55,62.5
2010/1/29 04:00,63
2010/1/29 04:05,63.9
2010/1/29 04:10,63.7
2010/1/29 04:15,64.3
2010/1/29 04:20,64.3
2010/1/29 04:25,65.8
2010/1/29 04:30,67.3
2010/1/29 04:35,67.2
2010/1/29 04:40,66.9
2010/1/29 04:45,66.2
2010/1/29 04:50,67.3
2010/1/29 04:55,68.1
2010/1/29 05:00,69.1
2010/1/29 05:05,69.8
2010/1/29 05:10,66.8
2010/1/29 05:15,67.9
2010/1/29 05:20,69.1
2010/1/29 05:25,68.8
2010/1/29 05:30,70.2
2010/1/29 05:35,68.6
2010/1/29 05:40,68.1
2010/1/29 05:45,67.6
2010/1/29 05:50,68.7
2010/1/29 05:55,68.1
2010/1/29 06:00,67.7
2010/1/29 06:05,68.1
2010/1/29 06:10,68.8
2010/1/29 06:15,68.2
2010/1/29 06:20,68.4
2010/1/29 06:25,69
2010/1/29 06:30,69.4
2010/1/29 06:35,69.8
2010/1/29 06:40,69.7
2010/1/29 06:45,69
2010/1/29 06:50,69.3
2010/1/29 06:55,69.3
2010/1/29 07:00,68.6
2010/1/29 07:05,66.7
2010/1/29 07:10,66
2010/1/29 07:15,66.9
2010/1/29 07:20,66.2
2010/1/29 07:25,67.3
2010/1/29 07:30,68.2
2010/1/29 07:35,67.3
2010/1/29 07:40,66.9
2010/1/29 07:45,66.9
2010/1/29 07:50,67.6
2010/1/29 07:55,67.7
2010/1/29 08:00,66.8
2010/1/29 08:05,66.3
2010/1/29 08:10,66.8
2010/1/29 08:15,66.2
2010/1/29 08:20,67.1
2010/1/29 08:25,67.5
2010/1/29 08:30,65.8
2010/1/29 08:35,64.9
2010/1/29 08:40,64.9
2010/1/29 08:45,64.6
2010/1/29 08:50,64.9
2010/1/29 08:55,64.2
2010/1/29 09:00,63.9
2010/1/29 09:05,65.2
2010/1/29 09:10,65.3
2010/1/29 09:15,65.7
2010/1/29 09:20,65.4
2010/1/29 09:25,65.3
2010/1/29 09:30,64.4
2010/1/29 09:35,64
2010/1/29 09:40,63.1
2010/1/29 09:45,62.7
2010/1/29 09:50,64
2010/1/29 09:55,63.7
2010/1/29 10:00,64.1
2010/1/29 10:05,63.8
2010/1/29 10:10,63.8
2010/1/29 10:15,64.4
2010/1/29 10:20,64.2
2010/1/29 10:25,64.9
2010/1/29 10:30,63.3
2010/1/29 10:35,62.5
2010/1/29 10:40,64
2010/1/29 10:45,63.5
2010/1/29 10:50,63.1
2010/1/29 10:55,63.3
2010/1/29 11:00,62.3
2010/1/29 11:05,63.5
2010/1/29 11:10,64
2010/1/29 11:15,64.3
2010/1/29 11:20,64.4
2010/1/29 11:25,62.3
2010/1/29 11:30,61.7
2010/1/29 11:35,62.9
2010/1/29 11:40,62.4
2010/1/29 11:45,62.3
2010/1/29 11:50,63.5
2010/1/29 11:55,64.4
2010/1/29 12:00,64.1
2010/1/29 12:05,62.4
2010/1/29 12:10,63.1
2010/1/29 12:15,63.9
2010/1/29 12:20,64.5
2010/1/29 12:25,64.7
2010/1/29 12:30,64.3
2010/1/29 12:35,63.7
2010/1/29 12:40,64.1
2010/1/29 12:45,64
2010/1/29 12:50,62.6
2010/1/29 12:55,61.4
2010/1/29 13:00,62.4
2010/1/29 13:05,63.9
2010/1/29 13:10,64.9
2010/1/29 13:15,65.5
2010/1/29 13:20,66.1
2010/1/29 13:25,65.6
2010/1/29 13:30,65.6
2010/1/29 13:35,63.5
2010/1/29 13:40,63
2010/1/29 13:45,61.8
2010/1/29 13:50,61.4
2010/1/29 13:55,61.1
2010/1/29 14:00,60.8
2010/1/29 14:05,61.7
2010/1/29 14:10,60.6
2010/1/29 14:15,62.2
2010/1/29 14:20,61.4
2010/1/29 14:25,61.9
2010/1/29 14:30,62.3
2010/1/29 14:35,61.6
2010/1/29 14:40,61.8
2010/1/29 14:45,62.2
2010/1/29 14:50,62.2
2010/1/29 14:55,63.6
2010/1/29 15:00,63.3
2010/1/29 15:05,64.3
2010/1/29 15:10,63.7
2010/1/29 15:15,63.5
2010/1/29 15:20,62.2
2010/1/29 15:25,62.6
2010/1/29 15:30,63
2010/1/29 15:35,63.7
2010/1/29 15:40,63
2010/1/29 15:45,61.7
2010/1/29 15:50,61.8
2010/1/29 15:55,63.3
2010/1/29 16:00,62.5
2010/1/29 16:05,61
2010/1/29 16:10,60
2010/1/29 16:15,61
2010/1/29 16:20,62.5
2010/1/29 16:25,61.8
2010/1/29 16:30,62.6
2010/1/29 16:35,63.8
2010/1/29 16:40,62.6
2010/1/29 16:45,61.4
2010/1/29 16:50,61.2
2010/1/29 16:55,61.9
2010/1/29 17:00,65.6
2010/1/29 17:05,67.5
2010/1/29 17:10,68
2010/1/29 17:15,66.8
2010/1/29 17:20,65.2
2010/1/29 17:25,61.7
2010/1/29 17:30,62.9
2010/1/29 17:35,60.8
2010/1/29 17:40,62.8
2010/1/29 17:45,60.4
2010/1/29 17:50,60.3
2010/1/29 17:55,61.7
2010/1/29 18:00,62.3
2010/1/29 18:05,63.8
2010/1/29 18:10,64.9
2010/1/29 18:15,65
2010/1/29 18:20,64.8
2010/1/29 18:25,66.8
2010/1/29 18:30,64.8
2010/1/29 18:35,63.8
2010/1/29 18:40,65.4
2010/1/29 18:45,64.9
2010/1/29 18:50,66.1
2010/1/29 18:55,65
2010/1/29 19:00,64
2010/1/29 19:05,64.4
2010/1/29 19:10,65.9
2010/1/29 19:15,68.4
2010/1/29 19:20,69.6
2010/1/29 19:25,71.7
2010/1/29 19:30,71
2010/1/29 19:35,70.6
2010/1/29 19:40,70.2
2010/1/29 19:45,70.4
2010/1/29 19:50,70.3
2010/1/29 19:55,69.6
2010/1/29 20:00,69.9
2010/1/29 20:05,70.9
2010/1/29 20:10,71.2
2010/1/29 20:15,72.8
2010/1/29 20:20,72.5
2010/1/29 20:25,70.7
2010/1/29 20:30,70.5
2010/1/29 20:35,71.7
2010/1/29 20:40,71.4
2010/1/29 20:45,71.5
2010/1/29 20:50,71
2010/1/29 20:55,69.8
2010/1/29 21:00,70.4
2010/1/29 21:05,71.2
2010/1/29 21:10,71.5
2010/1/29 21:15,72.5
2010/1/29 21:20,71.2
2010/1/29 21:25,71.1
2010/1/29 21:30,69.9
2010/1/29 21:35,68.2
2010/1/29 21:40,69.7
2010/1/29 21:45,69.4
2010/1/29 21:50,70
2010/1/29 21:55,71.4
2010/1/29 22:00,71.5
2010/1/29 22:05,71
2010/1/29 22:10,70.1
2010/1/29 22:15,70.2
2010/1/29 22:20,71.3
2010/1/29 22:25,70.3
2010/1/29 22:30,70.5
2010/1/29 22:35,70
2010/1/29 22:40,70.4
2010/1/29 22:45,71.1
2010/1/29 22:50,70.8
2010/1/29 22:55,71.4
2010/1/29 23:00,71.4
2010/1/29 23:05,71.3
2010/1/29 23:10,70.8
2010/1/29 23:15,69.9
2010/1/29 23:20,71.3
2010/1/29 23:25,72.1
2010/1/29 23:30,72.5
2010/1/29 23:35,72.3
2010/1/29 23:40,70.8
2010/1/29 23:45,71.3
2010/1/30 01:00,72
2010/1/30 01:05,71.9
2010/1/30 01:10,72
2010/1/30 01:15,70.9
2010/1/30 01:20,71.8
2010/1/30 01:25,72.2
2010/1/30 01:30,72.6
2010/1/30 01:35,71.2
2010/1/30 01:40,72.3
2010/1/30 01:45,72.1
2010/1/30 01:50,71.5
2010/1/30 01:55,71.4
2010/1/30 02:00,71.6
2010/1/30 02:05,71.6
2010/1/30 02:10,72.1
2010/1/30 02:15,71.6
2010/1/30 02:20,72.6
2010/1/30 02:25,72.8
2010/1/30 02:30,73.2
2010/1/30 02:35,73.1
2010/1/30 02:40,72.6
2010/1/30 02:45,72.1
2010/1/30 02:50,72.2
2010/1/30 02:55,72.4
2010/1/30 03:00,73
2010/1/30 03:05,73.3
2010/1/30 03:10,73.6
2010/1/30 03:15,72.5
2010/1/30 03:20,72.9
2010/1/30 03:25,72.8
2010/1/30 03:30,71.3
2010/1/30 03:35,72.9
2010/1/30 03:40,72.6
2010/1/30 03:45,72.2
2010/1/30 03:50,73.7
2010/1/30 03:55,71.3
2010/1/30 04:00,72.1
2010/1/30 04:05,72.6
2010/1/30 04:10,71.4
2010/1/30 04:15,73.4
2010/1/30 04:20,71.7
2010/1/30 04:25,73.4
2010/1/30 04:30,73.1
2010/1/30 04:35,71.3
2010/1/30 04:40,73
2010/1/30 04:45,73.7
2010/1/30 04:50,73.6
2010/1/30 04:55,72.9
2010/1/30 05:00,73
2010/1/30 05:05,72.9
2010/1/30 05:10,72.6
2010/1/30 05:15,72.1
2010/1/30 05:20,73
2010/1/30 05:25,73.7
2010/1/30 05:30,73.3
2010/1/30 05:35,73.6
2010/1/30 05:40,73.6
2010/1/30 05:45,72
2010/1/30 05:50,71.9
2010/1/30 05:55,72.5
2010/1/30 06:00,71.1
2010/1/30 06:05,72.4
2010/1/30 06:10,72
2010/1/30 06:15,72.9
2010/1/30 06:20,71.7
2010/1/30 06:25,73.4
2010/1/30 06:30,72.6
2010/1/30 06:35,73.6
2010/1/30 06:40,73
2010/1/30 06:45,74.4
2010/1/30 06:50,74.2
2010/1/30 06:55,73.7
2010/1/30 07:00,74.3
2010/1/30 07:05,74.2
2010/1/30 07:10,73.2
2010/1/30 07:15,72.3
2010/1/30 07:20,72.7
2010/1/30 07:25,73
2010/1/30 07:30,73.2
2010/1/30 07:35,72.8
2010/1/30 07:40,73.2
2010/1/30 07:45,73.1
2010/1/30 07:50,73
2010/1/30 07:55,73.1
2010/1/30 08:00,73.1
2010/1/30 08:05,71.7
2010/1/30 08:10,72.4
2010/1/30 08:15,72.6
2010/1/30 08:20,72.4
2010/1/30 08:25,72.3
2010/1/30 08:30,72.2
2010/1/30 08:35,71.3
2010/1/30 08:40,70.5
2010/1/30 08:45,70.8
2010/1/30 08:50,71.3
2010/1/30 08:55,72.8
2010/1/30 09:00,72.2
2010/1/30 09:05,70.2
2010/1/30 09:10,70.1
2010/1/30 09:15,70.7
2010/1/30 09:20,71.8
2010/1/30 09:25,70.4
2010/1/30 09:30,70.3
2010/1/30 09:35,71
2010/1/30 09:40,71.6
2010/1/30 09:45,71.2
2010/1/30 09:50,71.3
2010/1/30 09:55,69.8
2010/1/30 10:00,70.5
2010/1/30 10:05,70.7
2010/1/30 10:10,71.6
2010/1/30 10:15,68.5
2010/1/30 10:20,65.2
2010/1/30 10:25,61.2
2010/1/30 10:30,65.4
2010/1/30 10:35,67.8
2010/1/30 10:40,69.4
2010/1/30 10:45,70.4
2010/1/30 10:50,69.1
2010/1/30 10:55,68.7
2010/1/30 11:00,68.6
2010/1/30 11:05,69.6
2010/1/30 11:10,69.7
2010/1/30 11:15,69.7
2010/1/30 11:20,69.8
2010/1/30 11:25,68.1
2010/1/30 11:30,66.8
2010/1/30 11:35,67.1
2010/1/30 11:40,68.2
2010/1/30 11:45,67.9
2010/1/30 11:50,66.8
2010/1/30 11:55,67.8
2010/1/30 12:00,68.7
2010/1/30 12:05,68.9
2010/1/30 12:10,69.3
2010/1/30 12:15,69.5
2010/1/30 12:20,69.4
2010/1/30 12:25,68.2
2010/1/30 12:30,69.1
2010/1/30 12:35,69.2
2010/1/30 12:40,69.7
2010/1/30 12:45,69.1
2010/1/30 12:50,69.4
2010/1/30 12:55,70.1
2010/1/30 13:00,69.8
2010/1/30 13:05,68.9
2010/1/30 13:10,69.6
2010/1/30 13:15,68.8
2010/1/30 13:20,70.1
2010/1/30 13:25,69.8
2010/1/30 13:30,68.1
2010/1/30 13:35,68.8
2010/1/30 13:40,67.6
2010/1/30 13:45,68.7
2010/1/30 13:50,69.4
2010/1/30 13:55,68.9
2010/1/30 14:00,68.4
2010/1/30 14:05,68.7
2010/1/30 14:10,69.4
2010/1/30 14:15,68.9
2010/1/30 14:20,68.6
2010/1/30 14:25,68
2010/1/30 14:30,69
2010/1/30 14:35,68.4
2010/1/30 14:40,69.7
2010/1/30 14:45,68.9
2010/1/30 14:50,67.7
2010/1/30 14:55,69.2
2010/1/30 15:00,70.2
2010/1/30 15:05,69.6
2010/1/30 15:10,69.9
2010/1/30 15:15,69.7
2010/1/30 15:20,70.5
2010/1/30 15:25,70.7
2010/1/30 15:30,70.4
2010/1/30 15:35,69.4
2010/1/30 15:40,68.1
2010/1/30 15:45,69
2010/1/30 15:50,69.6
2010/1/30 15:55,70
2010/1/30 16:00,70.1
2010/1/30 16:05,70.1
2010/1/30 16:10,70.4
2010/1/30 16:15,70
2010/1/30 16:20,69.8
2010/1/30 16:25,70.8
2010/1/30 16:30,70.8
2010/1/30 16:35,70.2
2010/1/30 16:40,69
2010/1/30 16:45,68.7
2010/1/30 16:50,68.8
2010/1/30 16:55,68.2
2010/1/30 17:00,68.9
2010/1/30 17:05,69.1
2010/1/30 17:10,68
2010/1/30 17:15,67
2010/1/30 17:20,67.9
2010/1/30 17:25,68
2010/1/30 17:30,67.9
2010/1/30 17:35,69
2010/1/30 17:40,68.7
2010/1/30 17:45,69.3
2010/1/30 17:50,70.2
2010/1/30 17:55,69.9
2010/1/30 18:00,69.8
2010/1/30 18:05,70.5
2010/1/30 18:10,69.4
2010/1/30 18:15,70.2
2010/1/30 18:20,70
2010/1/30 18:25,70.5
2010/1/30 18:30,70.9
2010/1/30 18:35,71.6
2010/1/30 18:40,70.8
2010/1/30 18:45,71.1
2010/1/30 18:50,71.9
2010/1/30 18:55,72.5
2010/1/30 19:00,72.5
2010/1/30 19:05,72.2
2010/1/30 19:10,72.5
2010/1/30 19:15,71.9
2010/1/30 19:20,72.1
2010/1/30 19:25,71.3
2010/1/30 19:30,71.5
2010/1/30 19:35,72.1
2010/1/30 19:40,71.5
2010/1/30 19:45,72.3
2010/1/30 19:50,72.2
2010/1/30 19:55,71.2
2010/1/30 20:00,71.2
2010/1/30 20:05,70.9
2010/1/30 20:10,70.9
2010/1/30 20:15,70.3
2010/1/30 20:20,70.7
2010/1/30 20:25,70.6
2010/1/30 20:30,71.5
2010/1/30 20:35,72.4
2010/1/30 20:40,72.7
2010/1/30 20:45,72.8
2010/1/30 20:50,72.6
2010/1/30 20:55,71.9
2010/1/30 21:00,66.9
2010/1/30 21:05,68.8
2010/1/30 21:10,70.2
2010/1/30 21:15,71.1
2010/1/30 21:20,72.1
2010/1/30 21:25,71.4
2010/1/30 21:30,72.3
2010/1/30 21:35,72.2
2010/1/30 21:40,72.2
2010/1/30 21:45,72.4
2010/1/30 21:50,72.1
2010/1/30 21:55,72.5
2010/1/30 22:00,71.8
2010/1/30 22:05,72.2
2010/1/30 22:10,71.4
2010/1/30 22:15,71.1
2010/1/30 22:20,71
2010/1/30 22:25,71.2
2010/1/30 22:30,71.5
2010/1/30 22:35,72
2010/1/30 22:40,71.7
2010/1/30 22:45,72.1
2010/1/30 22:50,71.9
2010/1/30 22:55,72
2010/1/30 23:00,71.8
2010/1/30 23:05,72.2
2010/1/30 23:10,72.1
2010/1/30 23:15,72.3
2010/1/30 23:20,72.5
2010/1/30 23:25,72.8
2010/1/30 23:30,72.9
2010/1/30 23:35,72.8
2010/1/30 23:40,72.6
2010/1/30 23:45,71.9
2010/1/31 01:00,71.6
2010/1/31 01:05,72.2
2010/1/31 01:10,72.1
2010/1/31 01:15,71.8
2010/1/31 01:20,71.8
2010/1/31 01:25,71.3
2010/1/31 01:30,71.1
2010/1/31 01:35,71.6
2010/1/31 01:40,71.2
2010/1/31 01:45,70.9
2010/1/31 01:50,71.4
2010/1/31 01:55,71.9
2010/1/31 02:00,71.9
2010/1/31 02:05,72.1
2010/1/31 02:10,72.7
2010/1/31 02:15,72.6
2010/1/31 02:20,72.4
2010/1/31 02:25,71.2
2010/1/31 02:30,71.9
2010/1/31 02:35,71.1
2010/1/31 02:40,69.8
2010/1/31 02:45,70.6
2010/1/31 02:50,69.7
2010/1/31 02:55,69.7
2010/1/31 03:00,70.9
2010/1/31 03:05,71
2010/1/31 03:10,72.2
2010/1/31 03:15,70.9
2010/1/31 03:20,70.6
2010/1/31 03:25,71.4
2010/1/31 03:30,71
2010/1/31 03:35,71.1
2010/1/31 03:40,71.4
2010/1/31 03:45,71.1
2010/1/31 03:50,72
2010/1/31 03:55,71.5
2010/1/31 04:00,72.4
2010/1/31 04:05,71.8
2010/1/31 04:10,72.4
2010/1/31 04:15,72.7
2010/1/31 04:20,72.6
2010/1/31 04:25,72.2
2010/1/31 04:30,72.7
2010/1/31 04:35,72.5
2010/1/31 04:40,72.2
2010/1/31 04:45,71.8
2010/1/31 04:50,72.2
2010/1/31 04:55,72.6
2010/1/31 05:00,72.7
2010/1/31 05:05,73.2
2010/1/31 05:10,73.3
2010/1/31 05:15,72.6
2010/1/31 05:20,73.5
2010/1/31 05:25,72.8
2010/1/31 05:30,72.4
2010/1/31 05:35,72.6
2010/1/31 05:40,73
2010/1/31 05:45,73.3
2010/1/31 05:50,72.2
2010/1/31 05:55,73
2010/1/31 06:00,73.6
2010/1/31 06:05,73.1
2010/1/31 06:10,72.6
2010/1/31 06:15,73.5
2010/1/31 06:20,73.7
2010/1/31 06:25,73.4
2010/1/31 06:30,73.6
2010/1/31 06:35,72.8
2010/1/31 06:40,72.9
2010/1/31 06:45,73
2010/1/31 06:50,72.7
2010/1/31 06:55,72.4
2010/1/31 07:00,72.7
2010/1/31 07:05,72.6
2010/1/31 07:10,72.3
2010/1/31 07:15,72.4
2010/1/31 07:20,72.3
2010/1/31 07:25,73
2010/1/31 07:30,72.7
2010/1/31 07:35,72.3
2010/1/31 07:40,72.1
2010/1/31 07:45,72.4
2010/1/31 07:50,72.6
2010/1/31 07:55,72.4
2010/1/31 08:00,72.3
2010/1/31 08:05,72.9
2010/1/31 08:10,72.9
2010/1/31 08:15,72.8
2010/1/31 08:20,72.8
2010/1/31 08:25,72.4
2010/1/31 08:30,73.1
2010/1/31 08:35,73.2
2010/1/31 08:40,72.9
2010/1/31 08:45,72.5
2010/1/31 08:50,72.9
2010/1/31 08:55,72.4
2010/1/31 09:00,72.1
2010/1/31 09:05,72.1
2010/1/31 09:10,71.8
2010/1/31 09:15,71.8
2010/1/31 09:20,71.6
2010/1/31 09:25,72
2010/1/31 09:30,71.9
2010/1/31 09:35,71.8
2010/1/31 09:40,71.2
2010/1/31 09:45,71.2
2010/1/31 09:50,71.1
2010/1/31 09:55,69.6
2010/1/31 10:00,71.5
2010/1/31 10:05,70.7
2010/1/31 10:10,69.7
2010/1/31 10:15,71.4
2010/1/31 10:20,71
2010/1/31 10:25,72.3
2010/1/31 10:30,70
2010/1/31 10:35,69.9
2010/1/31 10:40,71.1
2010/1/31 10:45,71.2
2010/1/31 10:50,71.3
2010/1/31 10:55,71.2
2010/1/31 11:00,72.3
2010/1/31 11:05,70.8
2010/1/31 11:10,69.9
2010/1/31 11:15,70.1
2010/1/31 11:20,73
2010/1/31 11:25,72.1
2010/1/31 11:30,71.4
2010/1/31 11:35,70.8
2010/1/31 11:40,68.8
2010/1/31 11:45,71.2
2010/1/31 11:50,65.7
2010/1/31 11:55,68.6
2010/1/31 12:00,71.3
2010/1/31 12:05,70.2
2010/1/31 12:10,69.8
2010/1/31 12:15,69.9
2010/1/31 12:20,72.6
2010/1/31 12:25,69.7
2010/1/31 12:30,70.4
2010/1/31 12:35,69
2010/1/31 12:40,69.8
2010/1/31 12:45,69.2
2010/1/31 12:50,68.4
2010/1/31 12:55,69.5
2010/1/31 13:00,67.7
2010/1/31 13:05,68.5
2010/1/31 13:10,69.9
2010/1/31 13:15,68.7
2010/1/31 13:20,69.2
2010/1/31 13:25,68.8
2010/1/31 13:30,69.3
2010/1/31 13:35,68.5
2010/1/31 13:40,68.6
2010/1/31 13:45,69.3
2010/1/31 13:50,69.1
2010/1/31 13:55,70
2010/1/31 14:00,70.3
2010/1/31 14:05,70
2010/1/31 14:10,71.7
2010/1/31 14:15,71.3
2010/1/31 14:20,70.4
2010/1/31 14:25,70
2010/1/31 14:30,68.5
2010/1/31 14:35,67.7
2010/1/31 14:40,70.6
2010/1/31 14:45,70.9
2010/1/31 14:50,71.4
2010/1/31 14:55,71.3
2010/1/31 15:00,71
2010/1/31 15:05,71.1
2010/1/31 15:10,70.4
2010/1/31 15:15,68.9
2010/1/31 15:20,69
2010/1/31 15:25,69.4
2010/1/31 15:30,68.9
2010/1/31 15:35,67.8
2010/1/31 15:40,69.8
2010/1/31 15:45,69.3
2010/1/31 15:50,55.4
2010/1/31 15:55,42.3
2010/1/31 16:00,29.1
2010/1/31 16:05,19.3
2010/1/31 16:10,15.6
2010/1/31 16:15,13.4
2010/1/31 16:20,19.5
2010/1/31 16:25,16.2
2010/1/31 16:30,13.8
2010/1/31 16:35,12.9
2010/1/31 16:40,17.4
2010/1/31 16:45,21.1
2010/1/31 16:50,25.3
2010/1/31 16:55,34.8
2010/1/31 17:00,36.5
2010/1/31 17:05,28.7
2010/1/31 17:10,31.1
2010/1/31 17:15,27.9
2010/1/31 17:20,39.8
2010/1/31 17:25,51.6
2010/1/31 17:30,57
2010/1/31 17:35,61.7
2010/1/31 17:40,64.2
2010/1/31 17:45,65.2
2010/1/31 17:50,66.5
2010/1/31 17:55,67.5
2010/1/31 18:00,66.3
2010/1/31 18:05,68.9
2010/1/31 18:10,68.5
2010/1/31 18:15,70.1
2010/1/31 18:20,69.2
2010/1/31 18:25,69.3
2010/1/31 18:30,70.6
2010/1/31 18:35,69.9
2010/1/31 18:40,69.9
2010/1/31 18:45,69.2
2010/1/31 18:50,67.9
2010/1/31 18:55,68.1
2010/1/31 19:00,69.1
2010/1/31 19:05,70
2010/1/31 19:10,70
2010/1/31 19:15,70.8
2010/1/31 19:20,70.1
2010/1/31 19:25,68.3
2010/1/31 19:30,69.6
2010/1/31 19:35,69.5
2010/1/31 19:40,69.4
2010/1/31 19:45,69.8
2010/1/31 19:50,69.8
2010/1/31 19:55,68.7
2010/1/31 20:00,70.6
2010/1/31 20:05,70.1
2010/1/31 20:10,69.6
2010/1/31 20:15,69.6
2010/1/31 20:20,68.2
2010/1/31 20:25,68.5
2010/1/31 20:30,69.1
2010/1/31 20:35,68.6
2010/1/31 20:40,69.3
2010/1/31 20:45,69.6
2010/1/31 20:50,70.1
2010/1/31 20:55,69.2
2010/1/31 21:00,70.1
2010/1/31 21:05,70.7
2010/1/31 21:10,70
2010/1/31 21:15,69.6
2010/1/31 21:20,69.6
2010/1/31 21:25,70.2
2010/1/31 21:30,69
2010/1/31 21:35,69.2
2010/1/31 21:40,68.6
2010/1/31 21:45,69.8
2010/1/31 21:50,70.2
2010/1/31 21:55,70.5
2010/1/31 22:00,70.7
2010/1/31 22:05,69.6
2010/1/31 22:10,70.6
2010/1/31 22:15,69.9
2010/1/31 22:20,70.7
2010/1/31 22:25,69.7
2010/1/31 22:30,69.2
2010/1/31 22:35,69.1
2010/1/31 22:40,69.3
2010/1/31 22:45,68.5
2010/1/31 22:50,68
2010/1/31 22:55,67.7
2010/1/31 23:00,69
2010/1/31 23:05,68.5
2010/1/31 23:10,68.1
2010/1/31 23:15,67.7
2010/1/31 23:20,66.8
2010/1/31 23:25,66
2010/1/31 23:30,65.6
2010/1/31 23:35,65.8
2010/1/31 23:40,63.1
2010/1/31 23:45,66.1
2010/1/31 23:50,65.2
2010/2/1 01:05,64.8
2010/2/1 01:10,64.6
2010/2/1 01:15,65.8
2010/2/1 01:20,65.9
2010/2/1 01:25,65.6
2010/2/1 01:30,62.4
2010/2/1 01:35,63.4
2010/2/1 01:40,58.1
2010/2/1 01:45,61.1
2010/2/1 01:50,64.8
2010/2/1 01:55,57.6
2010/2/1 02:00,64.1
2010/2/1 02:05,62.2
2010/2/1 02:10,60.9
2010/2/1 02:15,61.5
2010/2/1 02:20,62
2010/2/1 02:25,62.1
2010/2/1 02:30,59.6
2010/2/1 02:35,63.3
2010/2/1 02:40,62.4
2010/2/1 02:45,58.4
2010/2/1 02:50,60.1
2010/2/1 02:55,64.9
2010/2/1 03:00,63.1
2010/2/1 03:05,63
2010/2/1 03:10,62.8
2010/2/1 03:15,61.9
2010/2/1 03:20,62.1
2010/2/1 03:25,60.2
2010/2/1 03:30,61.6
2010/2/1 03:35,60.6
2010/2/1 03:40,60.4
2010/2/1 03:45,61.7
2010/2/1 03:50,61.4
2010/2/1 03:55,59.5
2010/2/1 04:00,60.9
2010/2/1 04:05,63.1
2010/2/1 04:10,64
2010/2/1 04:15,69.7
2010/2/1 04:20,69.5
2010/2/1 04:25,67.6
2010/2/1 04:30,66.9
2010/2/1 04:35,65.5
2010/2/1 04:40,65.2
2010/2/1 04:45,65.5
2010/2/1 04:50,66.1
2010/2/1 04:55,64.2
2010/2/1 05:00,65.4
2010/2/1 05:05,65.7
2010/2/1 05:10,64.1
2010/2/1 05:15,64.9
2010/2/1 05:20,65
2010/2/1 05:25,64.5
2010/2/1 05:30,64.7
2010/2/1 05:35,65.4
2010/2/1 05:40,65.7
2010/2/1 05:45,64.8
2010/2/1 05:50,64.5
2010/2/1 05:55,65.3
2010/2/1 06:00,65.6
2010/2/1 06:05,66.4
2010/2/1 06:10,66.1
2010/2/1 06:15,65.6
2010/2/1 06:20,65.6
2010/2/1 06:25,66.4
2010/2/1 06:30,66
2010/2/1 06:35,65.9
2010/2/1 06:40,66.2
2010/2/1 06:45,67.3
2010/2/1 06:50,67
2010/2/1 06:55,67.3
2010/2/1 07:00,66.7
2010/2/1 07:05,67.1
2010/2/1 07:10,66.9
2010/2/1 07:15,66.5
2010/2/1 07:20,65.5
2010/2/1 07:25,64.8
2010/2/1 07:30,66
2010/2/1 07:35,64.5
2010/2/1 07:40,65.5
2010/2/1 07:45,65.7
2010/2/1 07:50,65.8
2010/2/1 07:55,64.6
2010/2/1 08:00,64.4
2010/2/1 08:05,65.2
2010/2/1 08:10,63.8
2010/2/1 08:15,62.9
2010/2/1 08:20,64.4
2010/2/1 08:25,64.2
2010/2/1 08:30,65.2
2010/2/1 08:35,64.3
2010/2/1 08:40,63.4
2010/2/1 08:45,62.6
2010/2/1 08:50,64.5
2010/2/1 08:55,63.9
2010/2/1 09:00,63
2010/2/1 09:05,63.7
2010/2/1 09:10,63.2
2010/2/1 09:15,62.9
2010/2/1 09:20,62.3
2010/2/1 09:25,63
2010/2/1 09:30,62.6
2010/2/1 09:35,63.3
2010/2/1 09:40,61.9
2010/2/1 09:45,62.7
2010/2/1 09:50,62.6
2010/2/1 09:55,63.1
2010/2/1 10:00,62.4
2010/2/1 10:05,62.7
2010/2/1 10:10,63.2
2010/2/1 10:15,63.4
2010/2/1 10:20,62.3
2010/2/1 10:25,63.3
2010/2/1 10:30,63.1
2010/2/1 10:35,62.6
2010/2/1 10:40,62.8
2010/2/1 10:45,62.9
2010/2/1 10:50,63.5
2010/2/1 10:55,63
2010/2/1 11:00,62.3
2010/2/1 11:05,63.1
2010/2/1 11:10,64.2
2010/2/1 11:15,63.9
2010/2/1 11:20,63.9
2010/2/1 11:25,64.2
2010/2/1 11:30,63.9
2010/2/1 11:35,64.1
2010/2/1 11:40,64.9
2010/2/1 11:45,65.2
2010/2/1 11:50,63.9
2010/2/1 11:55,64.7
2010/2/1 12:00,63.5
2010/2/1 12:05,63.3
2010/2/1 12:10,63.8
2010/2/1 12:15,62.9
2010/2/1 12:20,61.6
2010/2/1 12:25,63.2
2010/2/1 12:30,62
2010/2/1 12:35,63.1
2010/2/1 12:40,63.6
2010/2/1 12:45,62.9
2010/2/1 12:50,64.1
2010/2/1 12:55,63.7
2010/2/1 13:00,64.2
2010/2/1 13:05,63.3
2010/2/1 13:10,64.3
2010/2/1 13:15,64.8
2010/2/1 13:20,63.7
2010/2/1 13:25,63.5
2010/2/1 13:30,63.4
2010/2/1 13:35,63.8
2010/2/1 13:40,64.3
2010/2/1 13:45,63.9
2010/2/1 13:50,65.1
2010/2/1 13:55,63.2
2010/2/1 14:00,64
2010/2/1 14:05,63.6
2010/2/1 14:10,65
2010/2/1 14:15,65.3
2010/2/1 14:20,64
2010/2/1 14:25,65.9
2010/2/1 14:30,66.1
2010/2/1 14:35,66
2010/2/1 14:40,65.1
2010/2/1 14:45,64.9
2010/2/1 14:50,66
2010/2/1 14:55,66.5
2010/2/1 15:00,65.3
2010/2/1 15:05,63.9
2010/2/1 15:10,66
2010/2/1 15:15,64.2
2010/2/1 15:20,66
2010/2/1 15:25,65
2010/2/1 15:30,64.4
2010/2/1 15:35,67.3
2010/2/1 15:40,66.6
2010/2/1 15:45,65.7
2010/2/1 15:50,66.9
2010/2/1 15:55,67.8
2010/2/1 16:00,68.3
2010/2/1 16:05,68
2010/2/1 16:10,66.3
2010/2/1 16:15,65.8
2010/2/1 16:20,67
2010/2/1 16:25,67.6
2010/2/1 16:30,67.6
2010/2/1 16:35,67.6
2010/2/1 16:40,66.4
2010/2/1 16:45,67
2010/2/1 16:50,67.2
2010/2/1 16:55,66.2
2010/2/1 17:00,66.4
2010/2/1 17:05,66.7
2010/2/1 17:10,67
2010/2/1 17:15,67
2010/2/1 17:20,66.2
2010/2/1 17:25,65.9
2010/2/1 17:30,65.5
2010/2/1 17:35,66.3
2010/2/1 17:40,67.2
2010/2/1 17:45,66.5
2010/2/1 17:50,67.6
2010/2/1 17:55,68.9
2010/2/1 18:00,68.4
2010/2/1 18:05,69.1
2010/2/1 18:10,68.8
2010/2/1 18:15,67.8
2010/2/1 18:20,67.6
2010/2/1 18:25,66.7
2010/2/1 18:30,67.9
2010/2/1 18:35,67.9
2010/2/1 18:40,66.6
2010/2/1 18:45,67.9
2010/2/1 18:50,68.2
2010/2/1 18:55,67.6
2010/2/1 19:00,68.3
2010/2/1 19:05,68.5
2010/2/1 19:10,68.3
2010/2/1 19:15,68.2
2010/2/1 19:20,68.2
2010/2/1 19:25,67.6
2010/2/1 19:30,68.2
2010/2/1 19:35,67.8
2010/2/1 19:40,68.9
2010/2/1 19:45,68.3
2010/2/1 19:50,67.5
2010/2/1 19:55,67.5
2010/2/1 20:00,66.3
2010/2/1 20:05,67.3
2010/2/1 20:10,66.4
2010/2/1 20:15,66.6
2010/2/1 20:20,67.8
2010/2/1 20:25,67.2
2010/2/1 20:30,67.3
2010/2/1 20:35,69.1
2010/2/1 20:40,69.7
2010/2/1 20:45,69.9
2010/2/1 20:50,68.7
2010/2/1 20:55,68.6
2010/2/1 21:00,69.1
2010/2/1 21:05,68.9
2010/2/1 21:10,67.5
2010/2/1 21:15,66.1
2010/2/1 21:20,69
2010/2/1 21:25,67.8
2010/2/1 21:30,66.1
2010/2/1 21:35,66.8
2010/2/1 21:40,67.2
2010/2/1 21:45,66.4
2010/2/1 21:50,68.3
2010/2/1 21:55,68.1
2010/2/1 22:00,67.9
2010/2/1 22:05,67.7
2010/2/1 22:10,67.2
2010/2/1 22:15,67.5
2010/2/1 22:20,67.6
2010/2/1 22:25,66.8
2010/2/1 22:30,66.3
2010/2/1 22:35,65.6
2010/2/1 22:40,66.7
2010/2/1 22:45,65.6
2010/2/1 22:50,64.6
2010/2/1 22:55,67.3
2010/2/1 23:00,66.1
2010/2/1 23:05,67
2010/2/1 23:10,65.5
2010/2/1 23:15,66.8
2010/2/1 23:20,65
2010/2/1 23:25,63.2
2010/2/1 23:30,63.8
2010/2/1 23:35,61.5
2010/2/1 23:40,63.5
2010/2/1 23:45,62.4
2010/2/1 23:50,63.2
2010/2/2 01:05,63.9
2010/2/2 01:10,61.5
2010/2/2 01:15,66.7
2010/2/2 01:20,60.5
2010/2/2 01:25,63.3
2010/2/2 01:30,63.9
2010/2/2 01:35,61.9
2010/2/2 01:40,61.6
2010/2/2 01:45,63.6
2010/2/2 01:50,66.7
2010/2/2 01:55,64.4
2010/2/2 02:00,64.1
2010/2/2 02:05,64.4
2010/2/2 02:10,64.4
2010/2/2 02:15,63.9
2010/2/2 02:20,61
2010/2/2 02:25,66.5
2010/2/2 02:30,61.7
2010/2/2 02:35,59.1
2010/2/2 02:40,61.4
2010/2/2 02:45,63.3
2010/2/2 02:50,63.9
2010/2/2 02:55,61.5
2010/2/2 03:00,65.4
2010/2/2 03:05,63
2010/2/2 03:10,60.7
2010/2/2 03:15,62.4
2010/2/2 03:20,63.1
2010/2/2 03:25,63.8
2010/2/2 03:30,62.4
2010/2/2 03:35,61.4
2010/2/2 03:40,62.1
2010/2/2 03:45,63.7
2010/2/2 03:50,64.6
2010/2/2 03:55,67.7
2010/2/2 04:00,64.1
2010/2/2 04:05,66.1
2010/2/2 04:10,67.1
2010/2/2 04:15,67.8
2010/2/2 04:20,69.7
2010/2/2 04:25,70.1
2010/2/2 04:30,69.6
2010/2/2 04:35,68.7
2010/2/2 04:40,69.3
2010/2/2 04:45,69.3
2010/2/2 04:50,70.3
2010/2/2 04:55,69.9
2010/2/2 05:00,69.7
2010/2/2 05:05,69
2010/2/2 05:10,69.1
2010/2/2 05:15,68
2010/2/2 05:20,69.3
2010/2/2 05:25,69.7
2010/2/2 05:30,69.3
2010/2/2 05:35,69
2010/2/2 05:40,71.4
2010/2/2 05:45,69.9
2010/2/2 05:50,70.6
2010/2/2 05:55,71.6
2010/2/2 06:00,70.6
2010/2/2 06:05,70.7
2010/2/2 06:10,71.5
2010/2/2 06:15,71.4
2010/2/2 06:20,71.9
2010/2/2 06:25,72.3
2010/2/2 06:30,72
2010/2/2 06:35,71.2
2010/2/2 06:40,71
2010/2/2 06:45,70.5
2010/2/2 06:50,70.9
2010/2/2 06:55,70.5
2010/2/2 07:00,69.6
2010/2/2 07:05,70.8
2010/2/2 07:10,70.6
2010/2/2 07:15,69.6
2010/2/2 07:20,69.5
2010/2/2 07:25,68.9
2010/2/2 07:30,70.2
2010/2/2 07:35,68.8
2010/2/2 07:40,69.5
2010/2/2 07:45,69.3
2010/2/2 07:50,70.7
2010/2/2 07:55,69.4
2010/2/2 08:00,70.4
2010/2/2 08:05,69.6
2010/2/2 08:10,70.3
2010/2/2 08:15,69.6
2010/2/2 08:20,71.4
2010/2/2 08:25,70.9
2010/2/2 08:30,69.1
2010/2/2 08:35,69.9
2010/2/2 08:40,69.9
2010/2/2 08:45,69.6
2010/2/2 08:50,68.7
2010/2/2 08:55,67.7
2010/2/2 09:00,68
2010/2/2 09:05,66.5
2010/2/2 09:10,67.3
2010/2/2 09:15,67.3
2010/2/2 09:20,67.5
2010/2/2 09:25,66.9
2010/2/2 09:30,67.5
2010/2/2 09:35,67.4
2010/2/2 09:40,65.9
2010/2/2 09:45,67.3
2010/2/2 09:50,68.7
2010/2/2 09:55,68.2
2010/2/2 10:00,68.6
2010/2/2 10:05,67.4
2010/2/2 10:10,66.8
2010/2/2 10:15,68.3
2010/2/2 10:20,67.3
2010/2/2 10:25,68.2
2010/2/2 10:30,68
2010/2/2 10:35,68.9
2010/2/2 10:40,69.2
2010/2/2 10:45,66.7
2010/2/2 10:50,66.8
2010/2/2 10:55,67.2
2010/2/2 11:00,67.6
2010/2/2 11:05,65.5
2010/2/2 11:10,67.1
2010/2/2 11:15,66.5
2010/2/2 11:20,68.9
2010/2/2 11:25,68.4
2010/2/2 11:30,66.7
2010/2/2 11:35,67.5
2010/2/2 11:40,68.4
2010/2/2 11:45,69.3
2010/2/2 11:50,67.1
2010/2/2 11:55,67.3
2010/2/2 12:00,68.2
2010/2/2 12:05,67.6
2010/2/2 12:10,67.7
2010/2/2 12:15,68
2010/2/2 12:20,69.2
2010/2/2 12:25,67.1
2010/2/2 12:30,66.9
2010/2/2 12:35,66.8
2010/2/2 12:40,68.5
2010/2/2 12:45,66.9
2010/2/2 12:50,70.7
2010/2/2 12:55,69.6
2010/2/2 13:00,68.7
2010/2/2 13:05,69.7
2010/2/2 13:10,69.2
2010/2/2 13:15,68.4
2010/2/2 13:20,69.6
2010/2/2 13:25,69.1
2010/2/2 13:30,68.6
2010/2/2 13:35,69.1
2010/2/2 13:40,69.1
2010/2/2 13:45,68.1
2010/2/2 13:50,69.2
2010/2/2 13:55,67.9
2010/2/2 14:00,69.4
2010/2/2 14:05,69.9
2010/2/2 14:10,69.9
2010/2/2 14:15,69.9
2010/2/2 14:20,70.3
2010/2/2 14:25,69.8
2010/2/2 14:30,69.5
2010/2/2 14:35,69.3
2010/2/2 14:40,68.9
2010/2/2 14:45,70.8
2010/2/2 14:50,69.9
2010/2/2 14:55,69.4
2010/2/2 15:00,70.9
2010/2/2 15:05,70.1
2010/2/2 15:10,70.8
2010/2/2 15:15,69.8
2010/2/2 15:20,70.2
2010/2/2 15:25,69.8
2010/2/2 15:30,70.4
2010/2/2 15:35,71.1
2010/2/2 15:40,71.2
2010/2/2 15:45,70.5
2010/2/2 15:50,70.7
2010/2/2 15:55,69.5
2010/2/2 16:00,70.2
2010/2/2 16:05,71.5
2010/2/2 16:10,70.9
2010/2/2 16:15,70.2
2010/2/2 16:20,70.4
2010/2/2 16:25,70.9
2010/2/2 16:30,68.6
2010/2/2 16:35,69.7
2010/2/2 16:40,69.8
2010/2/2 16:45,68.3
2010/2/2 16:50,69.1
2010/2/2 16:55,70
2010/2/2 17:00,70.9
2010/2/2 17:05,71.3
2010/2/2 17:10,69.6
2010/2/2 17:15,69.4
2010/2/2 17:20,69.4
2010/2/2 17:25,69.2
2010/2/2 17:30,68.3
2010/2/2 17:35,68.3
2010/2/2 17:40,67.9
2010/2/2 17:45,68.5
2010/2/2 17:50,69.5
2010/2/2 17:55,69.7
2010/2/2 18:00,70.7
2010/2/2 18:05,69.8
2010/2/2 18:10,70.1
2010/2/2 18:15,70.5
2010/2/2 18:20,70.4
2010/2/2 18:25,71.6
2010/2/2 18:30,71.4
2010/2/2 18:35,71
2010/2/2 18:40,71.5
2010/2/2 18:45,69.9
2010/2/2 18:50,70.2
2010/2/2 18:55,69.8
2010/2/2 19:00,69.3
2010/2/2 19:05,68.9
2010/2/2 19:10,68.1
2010/2/2 19:15,68.7
2010/2/2 19:20,67.9
2010/2/2 19:25,67.8
2010/2/2 19:30,68
2010/2/2 19:35,68
2010/2/2 19:40,67.9
2010/2/2 19:45,69
2010/2/2 19:50,68.3
2010/2/2 19:55,69.3
2010/2/2 20:00,67.9
2010/2/2 20:05,68.5
2010/2/2 20:10,68.1
2010/2/2 20:15,67.4
2010/2/2 20:20,68.8
2010/2/2 20:25,68.9
2010/2/2 20:30,68.8
2010/2/2 20:35,69.9
2010/2/2 20:40,69.9
2010/2/2 20:45,69.7
2010/2/2 20:50,72
2010/2/2 20:55,70.6
2010/2/2 21:00,70.8
2010/2/2 21:05,70.7
2010/2/2 21:10,70.8
2010/2/2 21:15,71.2
2010/2/2 21:20,72
2010/2/2 21:25,69.6
2010/2/2 21:30,69.4
2010/2/2 21:35,69.5
2010/2/2 21:40,69.5
2010/2/2 21:45,67.8
2010/2/2 21:50,69.9
2010/2/2 21:55,70.4
2010/2/2 22:00,69.7
2010/2/2 22:05,72.1
2010/2/2 22:10,71.5
2010/2/2 22:15,68.6
2010/2/2 22:20,68.1
2010/2/2 22:25,67.3
2010/2/2 22:30,68
2010/2/2 22:35,69
2010/2/2 22:40,68.9
2010/2/2 22:45,68.9
2010/2/2 22:50,69.7
2010/2/2 22:55,69.6
2010/2/2 23:00,70.3
2010/2/2 23:05,70.4
2010/2/2 23:10,72.1
2010/2/2 23:15,72.9
2010/2/2 23:20,72
2010/2/2 23:25,70.6
2010/2/2 23:30,69
2010/2/2 23:35,69
2010/2/2 23:40,69
2010/2/2 23:45,68.3
2010/2/2 23:50,66.8
2010/2/2 23:55,67.8
2010/2/3 01:05,67.6
2010/2/3 01:10,68.1
2010/2/3 01:15,67.6
2010/2/3 01:20,67.7
2010/2/3 01:25,67.4
2010/2/3 01:30,69.5
2010/2/3 01:35,67.4
2010/2/3 01:40,66.6
2010/2/3 01:45,69.2
2010/2/3 01:50,66.5
2010/2/3 01:55,64.9
2010/2/3 02:00,68
2010/2/3 02:05,64.9
2010/2/3 02:10,67.1
2010/2/3 02:15,64.2
2010/2/3 02:20,64.7
2010/2/3 02:25,65.9
2010/2/3 02:30,63.5
2010/2/3 02:35,62.6
2010/2/3 02:40,65.8
2010/2/3 02:45,64.9
2010/2/3 02:50,63.1
2010/2/3 02:55,65
2010/2/3 03:00,63
2010/2/3 03:05,63.1
2010/2/3 03:10,63.9
2010/2/3 03:15,62.7
2010/2/3 03:20,65.7
2010/2/3 03:25,64.8
2010/2/3 03:30,64.4
2010/2/3 03:35,63.6
2010/2/3 03:40,65.9
2010/2/3 03:45,66.7
2010/2/3 03:50,64.8
2010/2/3 03:55,62.4
2010/2/3 04:00,64.1
2010/2/3 04:05,66.2
2010/2/3 04:10,66.2
2010/2/3 04:15,64.7
2010/2/3 04:20,67.2
2010/2/3 04:25,67
2010/2/3 04:30,68.8
2010/2/3 04:35,67
2010/2/3 04:40,68.9
2010/2/3 04:45,66.6
2010/2/3 04:50,68.5
2010/2/3 04:55,70
2010/2/3 05:00,70.9
2010/2/3 05:05,71.5
2010/2/3 05:10,72.5
2010/2/3 05:15,70.9
2010/2/3 05:20,70.5
2010/2/3 05:25,69.1
2010/2/3 05:30,69.6
2010/2/3 05:35,69.7
2010/2/3 05:40,69.8
2010/2/3 05:45,69.9
2010/2/3 05:50,69.1
2010/2/3 05:55,69.6
2010/2/3 06:00,71
2010/2/3 06:05,71.3
2010/2/3 06:10,71.4
2010/2/3 06:15,71.8
2010/2/3 06:20,70.8
2010/2/3 06:25,71.5
2010/2/3 06:30,71
2010/2/3 06:35,70.5
2010/2/3 06:40,70.4
2010/2/3 06:45,71.9
2010/2/3 06:50,72.2
2010/2/3 06:55,71.3
2010/2/3 07:00,71.6
2010/2/3 07:05,70.7
2010/2/3 07:10,70.3
2010/2/3 07:15,72
2010/2/3 07:20,70.4
2010/2/3 07:25,69.3
2010/2/3 07:30,69.2
2010/2/3 07:35,69
2010/2/3 07:40,70.2
2010/2/3 07:45,68.4
2010/2/3 07:50,69.4
2010/2/3 07:55,69.1
2010/2/3 08:00,68.9
2010/2/3 08:05,68.8
2010/2/3 08:10,69.9
2010/2/3 08:15,69.7
2010/2/3 08:20,68.2
2010/2/3 08:25,67.8
2010/2/3 08:30,68.2
2010/2/3 08:35,67.4
2010/2/3 08:40,69.2
2010/2/3 08:45,67.9
2010/2/3 08:50,67.5
2010/2/3 08:55,67.5
2010/2/3 09:00,68.3
2010/2/3 09:05,67.9
2010/2/3 09:10,67.7
2010/2/3 09:15,67.9
2010/2/3 09:20,67.3
2010/2/3 09:25,67.3
2010/2/3 09:30,66.6
2010/2/3 09:35,67.4
2010/2/3 09:40,67.5
2010/2/3 09:45,67.3
2010/2/3 09:50,66.7
2010/2/3 09:55,66.3
2010/2/3 10:00,68
2010/2/3 10:05,67
2010/2/3 10:10,67
2010/2/3 10:15,67.8
2010/2/3 10:20,67.5
2010/2/3 10:25,68.1
2010/2/3 10:30,68.9
2010/2/3 10:35,68.2
2010/2/3 10:40,68.4
2010/2/3 10:45,68.1
2010/2/3 10:50,68.5
2010/2/3 10:55,68
2010/2/3 11:00,67.3
2010/2/3 11:05,68.1
2010/2/3 11:10,67
2010/2/3 11:15,67.4
2010/2/3 11:20,69.3
2010/2/3 11:25,68.1
2010/2/3 11:30,67.5
2010/2/3 11:35,66.5
2010/2/3 11:40,68.3
2010/2/3 11:45,69.2
2010/2/3 11:50,69.1
2010/2/3 11:55,68.5
2010/2/3 12:00,69.8
2010/2/3 12:05,69.4
2010/2/3 12:10,70
2010/2/3 12:15,68.5
2010/2/3 12:20,68.2
2010/2/3 12:25,67.5
2010/2/3 12:30,69.7
2010/2/3 12:35,70.3
2010/2/3 12:40,68.9
2010/2/3 12:45,68.5
2010/2/3 12:50,67.8
2010/2/3 12:55,68.1
2010/2/3 13:00,68.7
2010/2/3 13:05,69.4
2010/2/3 13:10,67.3
2010/2/3 13:15,68.7
2010/2/3 13:20,68.2
2010/2/3 13:25,69
2010/2/3 13:30,69
2010/2/3 13:35,69
2010/2/3 13:40,69.1
2010/2/3 13:45,70.1
2010/2/3 13:50,70.5
2010/2/3 13:55,71.4
2010/2/3 14:00,70.5
2010/2/3 14:05,70.2
2010/2/3 14:10,68.9
2010/2/3 14:15,68
2010/2/3 14:20,68.4
2010/2/3 14:25,69.6
2010/2/3 14:30,70
2010/2/3 14:35,68
2010/2/3 14:40,68.8
2010/2/3 14:45,69.3
2010/2/3 14:50,68.7
2010/2/3 14:55,68.2
2010/2/3 15:00,69.8
2010/2/3 15:05,69.6
2010/2/3 15:10,68.7
2010/2/3 15:15,69.2
2010/2/3 15:20,69.4
2010/2/3 15:25,69.3
2010/2/3 15:30,69.5
2010/2/3 15:35,69.2
2010/2/3 15:40,69.8
2010/2/3 15:45,69.6
2010/2/3 15:50,68.9
2010/2/3 15:55,68
2010/2/3 16:00,70.4
2010/2/3 16:05,70.4
2010/2/3 16:10,69.3
2010/2/3 16:15,69.8
2010/2/3 16:20,70.5
2010/2/3 16:25,69
2010/2/3 16:30,68.2
2010/2/3 16:35,69
2010/2/3 16:40,68.7
2010/2/3 16:45,68.6
2010/2/3 16:50,67.3
2010/2/3 16:55,67.5
2010/2/3 17:00,69
2010/2/3 17:05,66.7
2010/2/3 17:10,66.8
2010/2/3 17:15,66.3
2010/2/3 17:20,65.6
2010/2/3 17:25,66.3
2010/2/3 17:30,65.5
2010/2/3 17:35,66.2
2010/2/3 17:40,68.3
2010/2/3 17:45,69.1
2010/2/3 17:50,68.7
2010/2/3 17:55,68.2
2010/2/3 18:00,68
2010/2/3 18:05,68.9
2010/2/3 18:10,68.5
2010/2/3 18:15,67
2010/2/3 18:20,67.5
2010/2/3 18:25,67.2
2010/2/3 18:30,66.1
2010/2/3 18:35,67.7
2010/2/3 18:40,67.3
2010/2/3 18:45,68.1
2010/2/3 18:50,69.6
2010/2/3 18:55,68.9
2010/2/3 19:00,68.7
2010/2/3 19:05,68.4
2010/2/3 19:10,69.2
2010/2/3 19:15,69.5
2010/2/3 19:20,70.6
2010/2/3 19:25,70.2
2010/2/3 19:30,69.3
2010/2/3 19:35,69.2
2010/2/3 19:40,68.6
2010/2/3 19:45,70.4
2010/2/3 19:50,71.5
2010/2/3 19:55,69.5
2010/2/3 20:00,69.4
2010/2/3 20:05,69.6
2010/2/3 20:10,71.1
2010/2/3 20:15,71.1
2010/2/3 20:20,71
2010/2/3 20:25,71.7
2010/2/3 20:30,70.7
2010/2/3 20:35,71.4
2010/2/3 20:40,71.9
2010/2/3 20:45,70.1
2010/2/3 20:50,70.4
2010/2/3 20:55,70.9
2010/2/3 21:00,70.3
2010/2/3 21:05,70.2
2010/2/3 21:10,71.2
2010/2/3 21:15,69.4
2010/2/3 21:20,69.6
2010/2/3 21:25,70.1
2010/2/3 21:30,70.3
2010/2/3 21:35,71.1
2010/2/3 21:40,70.1
2010/2/3 21:45,69.8
2010/2/3 21:50,70.7
2010/2/3 21:55,71.2
2010/2/3 22:00,70.7
2010/2/3 22:05,70.7
2010/2/3 22:10,70.1
2010/2/3 22:15,69.6
2010/2/3 22:20,69.8
2010/2/3 22:25,69.2
2010/2/3 22:30,70.1
2010/2/3 22:35,69.4
2010/2/3 22:40,71
2010/2/3 22:45,70.6
2010/2/3 22:50,68.8
2010/2/3 22:55,68.6
2010/2/3 23:00,68
2010/2/3 23:05,69
2010/2/3 23:10,69.2
2010/2/3 23:15,69.8
2010/2/3 23:20,69.5
2010/2/3 23:25,70.4
2010/2/3 23:30,69.6
2010/2/3 23:35,68.3
2010/2/3 23:40,68.8
2010/2/3 23:45,67.2
2010/2/3 23:50,68.5
2010/2/3 23:55,67.4
2010/2/4 01:10,69.6
2010/2/4 01:15,70
2010/2/4 01:20,69.2
2010/2/4 01:25,71.4
2010/2/4 01:30,69.5
2010/2/4 01:35,66.6
2010/2/4 01:40,67.3
2010/2/4 01:45,68.5
2010/2/4 01:50,68.3
2010/2/4 01:55,67.5
2010/2/4 02:00,67.9
2010/2/4 02:05,66.5
2010/2/4 02:10,66.4
2010/2/4 02:15,68.3
2010/2/4 02:20,68.2
2010/2/4 02:25,67.8
2010/2/4 02:30,67.6
2010/2/4 02:35,66.7
2010/2/4 02:40,70.2
2010/2/4 02:45,66.9
2010/2/4 02:50,65.2
2010/2/4 02:55,67
2010/2/4 03:00,65.8
2010/2/4 03:05,69
2010/2/4 03:10,67.2
2010/2/4 03:15,65
2010/2/4 03:20,64
2010/2/4 03:25,63.5
2010/2/4 03:30,66.2
2010/2/4 03:35,63.5
2010/2/4 03:40,64.9
2010/2/4 03:45,66.4
2010/2/4 03:50,65.6
2010/2/4 03:55,65.5
2010/2/4 04:00,66.8
2010/2/4 04:05,65.7
2010/2/4 04:10,65.4
2010/2/4 04:15,66.4
2010/2/4 04:20,67.4
2010/2/4 04:25,68.5
2010/2/4 04:30,70.1
2010/2/4 04:35,69.1
2010/2/4 04:40,70.6
2010/2/4 04:45,69.4
2010/2/4 04:50,69.5
2010/2/4 04:55,68.5
2010/2/4 05:00,67.5
2010/2/4 05:05,69.4
2010/2/4 05:10,68.5
2010/2/4 05:15,67.9
2010/2/4 05:20,69.5
2010/2/4 05:25,70.6
2010/2/4 05:30,71.4
2010/2/4 05:35,70.6
2010/2/4 05:40,69.7
2010/2/4 05:45,70
2010/2/4 05:50,70.3
2010/2/4 05:55,71.2
2010/2/4 06:00,71.4
2010/2/4 06:05,71.2
2010/2/4 06:10,70.7
2010/2/4 06:15,71.6
2010/2/4 06:20,71.6
2010/2/4 06:25,72.2
2010/2/4 06:30,73
2010/2/4 06:35,72.1
2010/2/4 06:40,72.1
2010/2/4 06:45,71.2
2010/2/4 06:50,71.3
2010/2/4 06:55,70.6
2010/2/4 07:00,70.2
2010/2/4 07:05,70
2010/2/4 07:10,70.2
2010/2/4 07:15,69.7
2010/2/4 07:20,69.6
2010/2/4 07:25,70.6
2010/2/4 07:30,70.5
2010/2/4 07:35,70.6
2010/2/4 07:40,70.5
2010/2/4 07:45,70
2010/2/4 07:50,69.1
2010/2/4 07:55,68.9
2010/2/4 08:00,67.4
2010/2/4 08:05,67.8
2010/2/4 08:10,68.5
2010/2/4 08:15,69
2010/2/4 08:20,69.5
2010/2/4 08:25,69.8
2010/2/4 08:30,68.1
2010/2/4 08:35,71.8
2010/2/4 08:40,70.8
2010/2/4 08:45,70.9
2010/2/4 08:50,69.3
2010/2/4 08:55,68.3
2010/2/4 09:00,69.1
2010/2/4 09:05,68.5
2010/2/4 09:10,67.8
2010/2/4 09:15,66.9
2010/2/4 09:20,67.6
2010/2/4 09:25,67.3
2010/2/4 09:30,65.4
2010/2/4 09:35,65.8
2010/2/4 09:40,66.2
2010/2/4 09:45,67.5
2010/2/4 09:50,67.2
2010/2/4 09:55,67.8
2010/2/4 10:00,67.3
2010/2/4 10:05,68.1
2010/2/4 10:10,69
2010/2/4 10:15,68.1
2010/2/4 10:20,67.7
2010/2/4 10:25,67.6
2010/2/4 10:30,68.6
2010/2/4 10:35,68.2
2010/2/4 10:40,68.2
2010/2/4 10:45,68.3
2010/2/4 10:50,69.6
2010/2/4 10:55,66.8
2010/2/4 11:00,67.9
2010/2/4 11:05,68.4
2010/2/4 11:10,68.7
2010/2/4 11:15,69.7
2010/2/4 11:20,68.4
2010/2/4 11:25,68.7
2010/2/4 11:30,68.1
2010/2/4 11:35,68.7
2010/2/4 11:40,67.9
2010/2/4 11:45,67.1
2010/2/4 11:50,67.2
2010/2/4 11:55,67.9
2010/2/4 12:00,67.6
2010/2/4 12:05,68.4
2010/2/4 12:10,67.7
2010/2/4 12:15,66.3
2010/2/4 12:20,68.2
2010/2/4 12:25,67.4
2010/2/4 12:30,68.2
2010/2/4 12:35,67.3
2010/2/4 12:40,67.7
2010/2/4 12:45,68.7
2010/2/4 12:50,67.7
2010/2/4 12:55,67.6
2010/2/4 13:00,66.7
2010/2/4 13:05,67.3
2010/2/4 13:10,67.1
2010/2/4 13:15,67.5
2010/2/4 13:20,68.3
2010/2/4 13:25,69.7
2010/2/4 13:30,69.7
2010/2/4 13:35,69.5
2010/2/4 13:40,69.6
2010/2/4 13:45,68.8
2010/2/4 13:50,67.9
2010/2/4 13:55,67.5
2010/2/4 14:00,68
2010/2/4 14:05,67.3
2010/2/4 14:10,68.2
2010/2/4 14:15,68.1
2010/2/4 14:20,67.1
2010/2/4 14:25,67.4
2010/2/4 14:30,68.1
2010/2/4 14:35,68.1
2010/2/4 14:40,66.6
2010/2/4 14:45,66.6
2010/2/4 14:50,66.6
2010/2/4 14:55,68.9
2010/2/4 15:00,67.1
2010/2/4 15:05,67.5
2010/2/4 15:10,68.1
2010/2/4 15:15,67.8
2010/2/4 15:20,66.3
2010/2/4 15:25,67.4
2010/2/4 15:30,67.7
2010/2/4 15:35,68.5
2010/2/4 15:40,66.2
2010/2/4 15:45,68
2010/2/4 15:50,68.1
2010/2/4 15:55,67.1
2010/2/4 16:00,68.1
2010/2/4 16:05,66.8
2010/2/4 16:10,64.9
2010/2/4 16:15,66
2010/2/4 16:20,65.3
2010/2/4 16:25,65.3
2010/2/4 16:30,65.4
2010/2/4 16:35,66.7
2010/2/4 16:40,65.5
2010/2/4 16:45,65
2010/2/4 16:50,64.8
2010/2/4 16:55,64.7
2010/2/4 17:00,64.8
2010/2/4 17:05,65.6
2010/2/4 17:10,66.1
2010/2/4 17:15,66.7
2010/2/4 17:20,65.5
2010/2/4 17:25,65.6
2010/2/4 17:30,66.2
2010/2/4 17:35,65.4
2010/2/4 17:40,65.6
2010/2/4 17:45,65.9
2010/2/4 17:50,67
2010/2/4 17:55,66.8
2010/2/4 18:00,65.5
2010/2/4 18:05,64.5
2010/2/4 18:10,65.5
2010/2/4 18:15,65.7
2010/2/4 18:20,66.6
2010/2/4 18:25,66.8
2010/2/4 18:30,67
2010/2/4 18:35,67.3
2010/2/4 18:40,67.7
2010/2/4 18:45,68.5
2010/2/4 18:50,68.9
2010/2/4 18:55,68.5
2010/2/4 19:00,67.6
2010/2/4 19:05,67.7
2010/2/4 19:10,66.3
2010/2/4 19:15,68.1
2010/2/4 19:20,66.3
2010/2/4 19:25,65.9
2010/2/4 19:30,68.3
2010/2/4 19:35,67.9
2010/2/4 19:40,68.3
2010/2/4 19:45,67.6
2010/2/4 19:50,67
2010/2/4 19:55,68.4
2010/2/4 20:00,68
2010/2/4 20:05,69.6
2010/2/4 20:10,68.7
2010/2/4 20:15,68.4
2010/2/4 20:20,68.4
2010/2/4 20:25,66.9
2010/2/4 20:30,66.8
2010/2/4 20:35,66.8
2010/2/4 20:40,67.3
2010/2/4 20:45,67.6
2010/2/4 20:50,67.9
2010/2/4 20:55,68.5
2010/2/4 21:00,70.9
2010/2/4 21:05,70.3
2010/2/4 21:10,71.2
2010/2/4 21:15,70.8
2010/2/4 21:20,71.1
2010/2/4 21:25,70.3
2010/2/4 21:30,69
2010/2/4 21:35,69.2
2010/2/4 21:40,68.7
2010/2/4 21:45,69.6
2010/2/4 21:50,70.1
2010/2/4 21:55,70.3
2010/2/4 22:00,69.2
2010/2/4 22:05,70.7
2010/2/4 22:10,69.4
2010/2/4 22:15,69.8
2010/2/4 22:20,69.6
2010/2/4 22:25,68.9
2010/2/4 22:30,68.5
2010/2/4 22:35,68.5
2010/2/4 22:40,67.6
2010/2/4 22:45,68.9
2010/2/4 22:50,68.2
2010/2/5 00:00,67.5
2010/2/5 00:05,66.7
2010/2/5 00:10,67.1
2010/2/5 00:15,68
2010/2/5 00:20,69
2010/2/5 00:25,67.6
2010/2/5 00:30,69.2
2010/2/5 00:35,69.8
2010/2/5 00:40,66.7
2010/2/5 00:45,68.1
2010/2/5 00:50,67.2
2010/2/5 00:55,67.6
2010/2/5 01:00,67.2
2010/2/5 01:05,68.3
2010/2/5 01:10,67.6
2010/2/5 01:15,65
2010/2/5 01:20,66.3
2010/2/5 01:25,67.3
2010/2/5 01:30,67.1
2010/2/5 01:35,65.9
2010/2/5 01:40,66.5
2010/2/5 01:45,66.1
2010/2/5 01:50,66.6
2010/2/5 01:55,66.6
2010/2/5 02:00,65.2
2010/2/5 02:05,66.4
2010/2/5 02:10,66.4
2010/2/5 02:15,65.2
2010/2/5 02:20,66.3
2010/2/5 02:25,65.7
2010/2/5 02:30,63.9
2010/2/5 02:35,65
2010/2/5 02:40,62.9
2010/2/5 02:45,62.1
2010/2/5 02:50,63.2
2010/2/5 02:55,64.3
2010/2/5 03:00,63.6
2010/2/5 03:05,60.9
2010/2/5 03:10,61
2010/2/5 03:15,64.1
2010/2/5 03:20,64.3
2010/2/5 03:25,64.8
2010/2/5 03:30,64.5
2010/2/5 03:35,62.1
2010/2/5 03:40,63.5
2010/2/5 03:45,61.8
2010/2/5 03:50,64.8
2010/2/5 03:55,61.9
2010/2/5 04:00,63.9
2010/2/5 04:05,64.4
2010/2/5 04:10,65.5
2010/2/5 04:15,66.7
2010/2/5 04:20,67.6
2010/2/5 04:25,67.8
2010/2/5 04:30,67.2
2010/2/5 04:35,67.2
2010/2/5 04:40,67.9
2010/2/5 04:45,66.5
2010/2/5 04:50,66.9
2010/2/5 04:55,67.2
2010/2/5 05:00,67
2010/2/5 05:05,66.6
2010/2/5 05:10,66.8
2010/2/5 05:15,69.1
2010/2/5 05:20,67.9
2010/2/5 05:25,68
2010/2/5 05:30,67.4
2010/2/5 05:35,69.1
2010/2/5 05:40,68.9
2010/2/5 05:45,69.7
2010/2/5 05:50,69
2010/2/5 05:55,68.3
2010/2/5 06:00,68.8
2010/2/5 06:05,70.6
2010/2/5 06:10,68.6
2010/2/5 06:15,69
2010/2/5 06:20,69.4
2010/2/5 06:25,70.6
2010/2/5 06:30,70.9
2010/2/5 06:35,70.3
2010/2/5 06:40,69.9
2010/2/5 06:45,69.9
2010/2/5 06:50,69
2010/2/5 06:55,68.7
2010/2/5 07:00,67.6
2010/2/5 07:05,68.4
2010/2/5 07:10,67.3
2010/2/5 07:15,67.1
2010/2/5 07:20,68.2
2010/2/5 07:25,67.9
2010/2/5 07:30,69
2010/2/5 07:35,68.6
2010/2/5 07:40,68.4
2010/2/5 07:45,68
2010/2/5 07:50,67.4
2010/2/5 07:55,66.4
2010/2/5 08:00,66.8
2010/2/5 08:05,66.2
2010/2/5 08:10,65.5
2010/2/5 08:15,67
2010/2/5 08:20,66.5
2010/2/5 08:25,66
2010/2/5 08:30,66
2010/2/5 08:35,66.2
2010/2/5 08:40,65.1
2010/2/5 08:45,66.1
2010/2/5 08:50,66
2010/2/5 08:55,65.8
2010/2/5 09:00,66.4
2010/2/5 09:05,65.4
2010/2/5 09:10,64.4
2010/2/5 09:15,61.9
2010/2/5 09:20,64.1
2010/2/5 09:25,64.1
2010/2/5 09:30,62.6
2010/2/5 09:35,63.8
2010/2/5 09:40,63.5
2010/2/5 09:45,63.2
2010/2/5 09:50,64.7
2010/2/5 09:55,64.4
2010/2/5 10:00,65.2
2010/2/5 10:05,65.6
2010/2/5 10:10,65.4
2010/2/5 10:15,63.9
2010/2/5 10:20,63.6
2010/2/5 10:25,65.5
2010/2/5 10:30,64.7
2010/2/5 10:35,64.5
2010/2/5 10:40,64.1
2010/2/5 10:45,64.4
2010/2/5 10:50,63.9
2010/2/5 10:55,64.3
2010/2/5 11:00,65.2
2010/2/5 11:05,64.9
2010/2/5 11:10,64
2010/2/5 11:15,65
2010/2/5 11:20,64.6
2010/2/5 11:25,63.6
2010/2/5 11:30,64.8
2010/2/5 11:35,63
2010/2/5 11:40,63.1
2010/2/5 11:45,63.4
2010/2/5 11:50,65.1
2010/2/5 11:55,64.5
2010/2/5 12:00,63.4
2010/2/5 12:05,63.4
2010/2/5 12:10,62.3
2010/2/5 12:15,62.8
2010/2/5 12:20,64
2010/2/5 12:25,64.7
2010/2/5 12:30,64.4
2010/2/5 12:35,64.8
2010/2/5 12:40,64.4
2010/2/5 12:45,64.5
2010/2/5 12:50,65.3
2010/2/5 12:55,63.6
2010/2/5 13:00,62.9
2010/2/5 13:05,64.1
2010/2/5 13:10,64.6
2010/2/5 13:15,64.2
2010/2/5 13:20,64
2010/2/5 13:25,64
2010/2/5 13:30,65.7
2010/2/5 13:35,65.6
2010/2/5 13:40,66.7
2010/2/5 13:45,66.5
2010/2/5 13:50,63.5
2010/2/5 13:55,63.8
2010/2/5 14:00,64.2
2010/2/5 14:05,65
2010/2/5 14:10,65.8
2010/2/5 14:15,65.1
2010/2/5 14:20,65.8
2010/2/5 14:25,65.2
2010/2/5 14:30,66.5
2010/2/5 14:35,65.5
2010/2/5 14:40,64.6
2010/2/5 14:45,66.2
2010/2/5 14:50,65.9
2010/2/5 14:55,65.7
2010/2/5 15:00,62.5
2010/2/5 15:05,58.5
2010/2/5 15:10,45.3
2010/2/5 15:15,45.2
2010/2/5 15:20,34.8
2010/2/5 15:25,32.9
2010/2/5 15:30,29
2010/2/5 15:35,26.7
2010/2/5 15:40,26.7
2010/2/5 15:45,27.2
2010/2/5 15:50,27.3
2010/2/5 15:55,30.6
2010/2/5 16:00,33.7
2010/2/5 16:05,31.4
2010/2/5 16:10,30.6
2010/2/5 16:15,29.8
2010/2/5 16:20,28.4
2010/2/5 16:25,30.7
2010/2/5 16:30,33.3
2010/2/5 16:35,30.7
2010/2/5 16:40,22.5
2010/2/5 16:45,19
2010/2/5 16:50,18.1
2010/2/5 16:55,19.3
2010/2/5 17:00,21.8
2010/2/5 17:05,26.7
2010/2/5 17:10,25.9
2010/2/5 17:15,29.5
2010/2/5 17:20,38.4
2010/2/5 17:25,46.7
2010/2/5 17:30,52.7
2010/2/5 17:35,53.8
2010/2/5 17:40,55.6
2010/2/5 17:45,56
2010/2/5 17:50,56.6
2010/2/5 17:55,57.8
2010/2/5 18:00,58.7
2010/2/5 18:05,59
2010/2/5 18:10,58.1
2010/2/5 18:15,57.9
2010/2/5 18:20,59.2
2010/2/5 18:25,58.9
2010/2/5 18:30,57.8
2010/2/5 18:35,59.3
2010/2/5 18:40,61.6
2010/2/5 18:45,63.7
2010/2/5 18:50,64.4
2010/2/5 18:55,65.9
2010/2/5 19:00,66.1
2010/2/5 19:05,65.9
2010/2/5 19:10,66.8
2010/2/5 19:15,68
2010/2/5 19:20,68
2010/2/5 19:25,68.6
2010/2/5 19:30,69.3
2010/2/5 19:35,68.9
2010/2/5 19:40,68.3
2010/2/5 19:45,67.9
2010/2/5 19:50,67.7
2010/2/5 19:55,69.8
2010/2/5 20:00,67.8
2010/2/5 20:05,67.9
2010/2/5 20:10,68.6
2010/2/5 20:15,69.3
2010/2/5 20:20,68.4
2010/2/5 20:25,67.5
2010/2/5 20:30,69.6
2010/2/5 20:35,69.8
2010/2/5 20:40,69.3
2010/2/5 20:45,67.7
2010/2/5 20:50,68.9
2010/2/5 20:55,67.9
2010/2/5 21:00,68.1
2010/2/5 21:05,68.9
2010/2/5 21:10,68.4
2010/2/5 21:15,69.5
2010/2/5 21:20,70.1
2010/2/5 21:25,69.7
2010/2/5 21:30,68.6
2010/2/5 21:35,67.8
2010/2/5 21:40,67.7
2010/2/5 21:45,66.6
2010/2/5 21:50,67.5
2010/2/5 21:55,67
2010/2/5 22:00,67.1
