Timestamp,Station ID,Freeway,Direction of Travel,Station Type,Samples,% Observed,Total Flow,Average Occupancy,Average Speed,Lane 1 Samples,Lane 1 Flow,Lane 1 Average Occupancy,Lane 1 Average Speed,Lane 1 Observed,Lane 2 Samples,Lane 2 Flow,Lane 2 Average Occupancy,Lane 2 Average Speed,Lane 2 Observed,Lane 3 Samples,Lane 3 Flow,Lane 3 Average Occupancy,Lane 3 Average Speed,Lane 3 Observed,Lane 4 Samples,Lane 4 Flow,Lane 4 Average Occupancy,Lane 4 Average Speed,Lane 4 Observed,Lane 5 Samples,Lane 5 Flow,Lane 5 Average Occupancy,Lane 5 Average Speed,Lane 5 Observed,Lane 6 Samples,Lane 6 Flow,Lane 6 Average Occupancy,Lane 6 Average Speed,Lane 6 Observed,Lane 7 Samples,Lane 7 Flow,Lane 7 Average Occupancy,Lane 7 Average Speed,Lane 7 Observed,Lane 8 Samples,Lane 8 Flow,Lane 8 Average Occupancy,Lane 8 Average Speed,Lane 8 Observed
2010/1/3 00:30,1108687,5,N,ML,40,100,110,0.0216,72,10,28,0.0199,75.2,1,10,33,0.0249,71.3,1,10,32,0.0258,71.2,1,10,17,0.0158,69.3,1,,,,,0,,,,,0,,,,,0,,,,,0
2010/1/3 00:35,1108687,5,N,ML,40,100,80,0.0158,72.2,10,19,0.0137,75.2,1,10,25,0.0186,71.9,1,10,25,0.0198,71.5,1,10,11,0.011,69.5,1,,,,,0,,,,,0,,,,,0,,,,,0
2010/1/3 00:40,1108687,5,N,ML,40,100,86,0.0176,72,10,15,0.0108,75.2,1,10,18,0.0137,71.9,1,10,31,0.0251,71.3,1,10,22,0.0207,70.9,1,,,,,0,,,,,0,,,,,0,,,,,0
2010/1/3 00:45,1108687,5,N,ML,40,100,88,0.0175,72.4,10,18,0.0128,75.4,1,10,33,0.0257,71.5,1,10,20,0.0154,71.8,1,10,17,0.016,71.9,1,,,,,0,,,,,0,,,,,0,,,,,0
2010/1/3 00:50,1108687,5,N,ML,40,100,73,0.0142,72.6,10,12,0.0088,75.2,1,10,24,0.0184,71.5,1,10,23,0.0177,72.3,1,10,14,0.012,72.8,1,,,,,0,,,,,0,,,,,0,,,,,0
2010/1/3 00:55,1108687,5,N,ML,40,100,78,0.0156,72.4,10,11,0.0081,75,1,10,27,0.021,71.3,1,10,24,0.0189,72.3,1,10,16,0.0142,72.8,1,,,,,0,,,,,0,,,,,0,,,,,0
2010/1/3 01:00,1108687,5,N,ML,40,100,70,0.013,73,10,11,0.0075,75.5,1,10,26,0.0189,72.3,1,10,20,0.0152,72.8,1,10,13,0.0103,72.8,1,,,,,0,,,,,0,,,,,0,,,,,0
2010/1/3 01:05,1108687,5,N,ML,40,100,57,0.0106,73.5,10,13,0.009,75.8,1,10,21,0.015,73.2,1,10,17,0.0137,72.4,1,10,6,0.0046,72.8,1,,,,,0,,,,,0,,,,,0,,,,,0
2010/1/3 01:10,1108687,5,N,ML,40,100,83,0.0172,73.1,10,19,0.0142,75.1,1,10,26,0.0193,73.3,1,10,21,0.0176,71.4,1,10,17,0.0177,72.5,1,,,,,0,,,,,0,,,,,0,,,,,0
2010/1/3 01:15,1108687,5,N,ML,40,100,68,0.0135,72.6,10,15,0.0107,75.2,1,10,22,0.0176,72.3,1,10,20,0.0162,71,1,10,11,0.0093,72.8,1,,,,,0,,,,,0,,,,,0,,,,,0
2010/1/3 01:20,1108687,5,N,ML,40,100,61,0.0115,72.8,10,11,0.0075,75.7,1,10,21,0.0154,72.8,1,10,20,0.0157,71.1,1,10,9,0.0073,72.8,1,,,,,0,,,,,0,,,,,0,,,,,0
2010/1/3 01:25,1108687,5,N,ML,40,100,65,0.0134,72.1,10,4,0.003,75.5,1,10,26,0.0202,72.2,1,10,21,0.017,70.8,1,10,14,0.0132,72.8,1,,,,,0,,,,,0,,,,,0,,,,,0
2010/1/3 01:30,1108687,5,N,ML,40,100,70,0.014,72.1,10,11,0.0078,75.6,1,10,25,0.0196,71.6,1,10,21,0.0171,70.4,1,10,13,0.0115,72.8,1,,,,,0,,,,,0,,,,,0,,,,,0
2010/1/3 01:35,1108687,5,N,ML,40,100,68,0.0133,71.9,10,12,0.0086,75.5,1,10,32,0.024,71.9,1,10,20,0.017,69.5,1,10,4,0.0037,72.8,1,,,,,0,,,,,0,,,,,0,,,,,0
2010/1/3 01:40,1108687,5,N,ML,40,100,60,0.0126,71.6,10,12,0.0088,75.2,1,10,22,0.0174,71.3,1,10,15,0.0135,68.4,1,10,11,0.0109,72.8,1,,,,,0,,,,,0,,,,,0,,,,,0
2010/1/3 01:45,1108687,5,N,ML,40,100,66,0.0131,70.8,10,8,0.0057,75.2,1,10,25,0.0193,71.1,1,10,22,0.0184,68,1,10,11,0.0089,72.8,1,,,,,0,,,,,0,,,,,0,,,,,0
2010/1/3 01:50,1108687,5,N,ML,40,100,70,0.0146,70.9,10,9,0.006,75.7,1,10,30,0.0226,71.4,1,10,21,0.017,68.1,1,10,10,0.013,71.3,1,,,,,0,,,,,0,,,,,0,,,,,0
2010/1/3 01:55,1108687,5,N,ML,40,100,59,0.0124,70.3,10,8,0.0059,75.4,1,10,27,0.0217,70.5,1,10,19,0.0157,67.9,1,10,5,0.0062,70.7,1,,,,,0,,,,,0,,,,,0,,,,,0
2010/1/3 02:00,1108687,5,N,ML,40,100,62,0.0127,70.3,10,11,0.0082,75,1,10,23,0.0188,69.6,1,10,18,0.0159,67,1,10,10,0.0078,72.8,1,,,,,0,,,,,0,,,,,0,,,,,0
2010/1/3 02:05,1108687,5,N,ML,40,100,60,0.0123,70.5,10,12,0.0088,74.8,1,10,26,0.02,69.8,1,10,14,0.0114,67.1,1,10,8,0.0088,72.5,1,,,,,0,,,,,0,,,,,0,,,,,0
2010/1/3 02:10,1108687,5,N,ML,40,100,72,0.0152,69.8,10,16,0.0112,75.1,1,10,24,0.0195,69.1,1,10,24,0.0212,66.1,1,10,8,0.0089,72.2,1,,,,,0,,,,,0,,,,,0,,,,,0
2010/1/3 02:15,1108687,5,N,ML,40,100,49,0.0096,69.8,10,8,0.0059,74.9,1,10,18,0.0137,69.5,1,10,17,0.0135,66.7,1,10,6,0.0055,72.8,1,,,,,0,,,,,0,,,,,0,,,,,0
2010/1/3 02:20,1108687,5,N,ML,40,100,64,0.013,70.6,10,15,0.0106,75,1,10,21,0.0161,69.7,1,10,18,0.0148,66.8,1,10,10,0.0104,72.8,1,,,,,0,,,,,0,,,,,0,,,,,0
2010/1/3 02:25,1108687,5,N,ML,40,100,73,0.0144,70.3,10,15,0.0109,74.8,1,10,23,0.0178,69.7,1,10,23,0.0192,66.6,1,10,12,0.0099,72.8,1,,,,,0,,,,,0,,,,,0,,,,,0
2010/1/3 02:30,1108687,5,N,ML,40,100,58,0.0133,69.5,10,8,0.0063,74.2,1,10,22,0.0167,70,1,10,20,0.0165,66.6,1,10,8,0.0136,70.4,1,,,,,0,,,,,0,,,,,0,,,,,0
2010/1/3 02:35,1108687,5,N,ML,40,100,60,0.012,69.9,10,8,0.0059,74,1,10,22,0.0172,69.8,1,10,21,0.0156,68.1,1,10,9,0.0092,71,1,,,,,0,,,,,0,,,,,0,,,,,0
2010/1/3 02:40,1108687,5,N,ML,40,100,47,0.0099,69.8,10,5,0.0037,73.9,1,10,18,0.0139,69.8,1,10,16,0.0129,68.1,1,10,8,0.0092,70.8,1,,,,,0,,,,,0,,,,,0,,,,,0
2010/1/3 02:45,1108687,5,N,ML,40,100,46,0.0097,69.8,10,4,0.0029,73.9,1,10,19,0.0144,70.1,1,10,15,0.0123,68,1,10,8,0.0091,70.7,1,,,,,0,,,,,0,,,,,0,,,,,0
2010/1/3 02:50,1108687,5,N,ML,40,100,44,0.0085,70.8,10,7,0.0046,74.5,1,10,17,0.0131,70.1,1,10,12,0.0094,68.3,1,10,8,0.0068,72.8,1,,,,,0,,,,,0,,,,,0,,,,,0
2010/1/3 02:55,1108687,5,N,ML,40,100,51,0.0109,70.5,10,9,0.0066,74.3,1,10,21,0.0163,70,1,10,13,0.0117,67.4,1,10,8,0.009,72.7,1,,,,,0,,,,,0,,,,,0,,,,,0
2010/1/3 03:00,1108687,5,N,ML,40,100,43,0.0084,70.3,10,6,0.0046,74,1,10,19,0.0146,70.1,1,10,13,0.0101,67.9,1,10,5,0.0042,72.8,1,,,,,0,,,,,0,,,,,0,,,,,0
2010/1/3 03:05,1108687,5,N,ML,40,100,39,0.0075,70.3,10,4,0.003,73.9,1,10,13,0.0101,70,1,10,16,0.0122,68.7,1,10,6,0.0048,72.8,1,,,,,0,,,,,0,,,,,0,,,,,0
2010/1/3 03:10,1108687,5,N,ML,40,100,35,0.0068,70.5,10,4,0.003,73.8,1,10,10,0.0072,70.6,1,10,16,0.0128,68.8,1,10,5,0.0041,72.8,1,,,,,0,,,,,0,,,,,0,,,,,0
2010/1/3 03:15,1108687,5,N,ML,40,100,42,0.009,70.3,10,4,0.0032,73.5,1,10,15,0.012,70.2,1,10,17,0.0136,68.9,1,10,6,0.0073,72.6,1,,,,,0,,,,,0,,,,,0,,,,,0
2010/1/3 03:20,1108687,5,N,ML,40,100,37,0.0072,71,10,7,0.0048,73.8,1,10,13,0.0096,70.6,1,10,11,0.0091,68.7,1,10,6,0.0052,72.8,1,,,,,0,,,,,0,,,,,0,,,,,0
2010/1/3 03:25,1108687,5,N,ML,40,100,28,0.0059,71,10,3,0.0021,73.9,1,10,7,0.005,71,1,10,11,0.0085,69.1,1,10,7,0.0078,72.8,1,,,,,0,,,,,0,,,,,0,,,,,0
2010/1/3 03:30,1108687,5,N,ML,40,100,33,0.0063,71.4,10,7,0.005,74,1,10,9,0.0067,71.2,1,10,11,0.009,69,1,10,6,0.0046,72.8,1,,,,,0,,,,,0,,,,,0,,,,,0
2010/1/3 03:35,1108687,5,N,ML,40,100,29,0.006,71,10,3,0.002,74.2,1,10,9,0.0073,70.8,1,10,11,0.0087,69.2,1,10,6,0.006,72.8,1,,,,,0,,,,,0,,,,,0,,,,,0
2010/1/3 03:40,1108687,5,N,ML,40,100,25,0.0048,71,10,3,0.0023,74,1,10,9,0.007,70.7,1,10,10,0.0075,69.8,1,10,3,0.0023,72.8,1,,,,,0,,,,,0,,,,,0,,,,,0
2010/1/3 03:45,1108687,5,N,ML,40,100,39,0.0082,71.1,10,5,0.0036,74,1,10,16,0.0123,70.7,1,10,13,0.0105,69.8,1,10,5,0.0065,72.6,1,,,,,0,,,,,0,,,,,0,,,,,0
2010/1/3 03:50,1108687,5,N,ML,40,100,46,0.0088,71.2,10,4,0.0028,74.1,1,10,18,0.0135,71,1,10,18,0.0141,70.2,1,10,6,0.005,72.8,1,,,,,0,,,,,0,,,,,0,,,,,0
2010/1/3 03:55,1108687,5,N,ML,40,100,29,0.0054,71.6,10,2,0.0014,74.2,1,10,10,0.0075,71.2,1,10,12,0.0089,71,1,10,5,0.0039,72.8,1,,,,,0,,,,,0,,,,,0,,,,,0
2010/1/3 04:00,1108687,5,N,ML,40,100,36,0.0072,71.8,10,6,0.0042,74.3,1,10,11,0.0087,70.9,1,10,13,0.0106,70.9,1,10,6,0.0053,72.8,1,,,,,0,,,,,0,,,,,0,,,,,0
2010/1/3 04:05,1108687,5,N,ML,40,100,29,0.0058,71.2,10,0,0,74.3,1,10,13,0.01,70.9,1,10,12,0.0097,70.9,1,10,4,0.0036,72.8,1,,,,,0,,,,,0,,,,,0,,,,,0
2010/1/3 04:10,1108687,5,N,ML,40,100,34,0.0067,71.8,10,4,0.0031,74.1,1,10,11,0.0083,71.1,1,10,13,0.0104,71.1,1,10,6,0.0051,72.8,1,,,,,0,,,,,0,,,,,0,,,,,0
2010/1/3 04:15,1108687,5,N,ML,40,100,35,0.0071,71.9,10,6,0.004,74.5,1,10,12,0.0096,70.7,1,10,10,0.008,71.2,1,10,7,0.0067,72.8,1,,,,,0,,,,,0,,,,,0,,,,,0
2010/1/3 04:20,1108687,5,N,ML,40,100,48,0.0109,71.3,10,8,0.0056,74.7,1,10,17,0.0137,70.2,1,10,17,0.0146,70.6,1,10,6,0.0098,71.6,1,,,,,0,,,,,0,,,,,0,,,,,0
2010/1/3 04:25,1108687,5,N,ML,40,100,34,0.0067,71.5,10,2,0.0014,74.7,1,10,11,0.0085,70.3,1,10,12,0.0095,71,1,10,9,0.0076,72.8,1,,,,,0,,,,,0,,,,,0,,,,,0
2010/1/3 04:30,1108687,5,N,ML,40,100,35,0.0069,71.4,10,2,0.0014,74.7,1,10,16,0.012,70.7,1,10,14,0.0111,71.5,1,10,3,0.0032,72.8,1,,,,,0,,,,,0,,,,,0,,,,,0
2010/1/3 04:35,1108687,5,N,ML,40,100,37,0.0084,71.4,10,8,0.0062,74.2,1,10,14,0.0115,70.1,1,10,12,0.0105,71,1,10,3,0.0054,72,1,,,,,0,,,,,0,,,,,0,,,,,0
2010/1/3 04:40,1108687,5,N,ML,40,100,40,0.008,71.6,10,7,0.005,74.3,1,10,18,0.0137,70.4,1,10,12,0.0094,71.6,1,10,3,0.0037,72,1,,,,,0,,,,,0,,,,,0,,,,,0
2010/1/3 04:45,1108687,5,N,ML,40,100,30,0.0068,71.7,10,6,0.0047,73.9,1,10,13,0.0095,71,1,10,6,0.0048,71.8,1,10,5,0.0083,71,1,,,,,0,,,,,0,,,,,0,,,,,0
2010/1/3 04:50,1108687,5,N,ML,40,100,36,0.0068,72.1,10,4,0.0029,73.9,1,10,18,0.0132,71.6,1,10,9,0.0073,72,1,10,5,0.0039,72.8,1,,,,,0,,,,,0,,,,,0,,,,,0
2010/1/3 04:55,1108687,5,N,ML,40,100,43,0.0091,71.7,10,4,0.0039,73,1,10,18,0.014,71.4,1,10,14,0.0126,71.2,1,10,7,0.0058,72.8,1,,,,,0,,,,,0,,,,,0,,,,,0
2010/1/3 05:00,1108687,5,N,ML,36,100,52,0.0099,72.3,9,13,0.0096,73,1,9,18,0.0133,71.9,1,9,13,0.0103,71.8,1,9,8,0.0063,72.8,1,,,,,0,,,,,0,,,,,0,,,,,0
2010/1/3 05:05,1108687,5,N,ML,40,100,46,0.009,72.1,10,5,0.0034,73.3,1,10,20,0.016,71.3,1,10,13,0.0101,72.6,1,10,8,0.0066,72.8,1,,,,,0,,,,,0,,,,,0,,,,,0
2010/1/3 05:10,1108687,5,N,ML,40,100,62,0.0137,71.2,10,8,0.0058,73.4,1,10,22,0.0178,70.6,1,10,21,0.021,70.2,1,10,11,0.0102,72.8,1,,,,,0,,,,,0,,,,,0,,,,,0
2010/1/3 05:15,1108687,5,N,ML,40,100,40,0.0091,71,10,3,0.0024,73.2,1,10,18,0.0142,70.4,1,10,13,0.0102,71.2,1,10,6,0.0096,71.6,1,,,,,0,,,,,0,,,,,0,,,,,0
2010/1/3 05:20,1108687,5,N,ML,40,100,56,0.0108,72,10,10,0.0069,73.7,1,10,23,0.0173,71,1,10,16,0.0129,71.9,1,10,7,0.006,72.8,1,,,,,0,,,,,0,,,,,0,,,,,0
2010/1/3 05:25,1108687,5,N,ML,40,100,54,0.0115,72,10,9,0.0061,74.3,1,10,24,0.0186,71,1,10,13,0.0106,72.3,1,10,8,0.0109,72,1,,,,,0,,,,,0,,,,,0,,,,,0
2010/1/3 05:30,1108687,5,N,ML,40,100,50,0.0103,72.4,10,12,0.0088,74.2,1,10,21,0.0157,71.5,1,10,13,0.0109,72.4,1,10,4,0.0059,71.4,1,,,,,0,,,,,0,,,,,0,,,,,0
2010/1/3 05:35,1108687,5,N,ML,40,100,60,0.013,72.2,10,8,0.0058,74.2,1,10,24,0.0183,71.7,1,10,18,0.0149,72.7,1,10,10,0.013,70.9,1,,,,,0,,,,,0,,,,,0,,,,,0
2010/1/3 05:40,1108687,5,N,ML,40,100,69,0.0154,71.9,10,12,0.0082,74.9,1,10,32,0.025,71.4,1,10,15,0.013,72.4,1,10,10,0.0153,69.4,1,,,,,0,,,,,0,,,,,0,,,,,0
2010/1/3 05:45,1108687,5,N,ML,40,100,78,0.0164,72.1,10,15,0.0109,74.9,1,10,32,0.025,71.2,1,10,22,0.0181,72.8,1,10,9,0.0115,69.2,1,,,,,0,,,,,0,,,,,0,,,,,0
2010/1/3 05:50,1108687,5,N,ML,32,100,62,0.0131,72.1,8,11,0.0078,75.1,1,8,25,0.0198,70.9,1,8,21,0.0176,72.8,1,8,5,0.0071,68.7,1,,,,,0,,,,,0,,,,,0,,,,,0
2010/1/3 05:55,1108687,5,N,ML,32,100,73,0.015,72,8,13,0.0096,74.9,1,8,29,0.022,71.4,1,8,21,0.0199,71.1,1,8,10,0.0085,72.2,1,,,,,0,,,,,0,,,,,0,,,,,0
2010/1/3 06:00,1108687,5,N,ML,32,100,77,0.0148,72.8,8,13,0.0093,75.1,1,8,28,0.021,72,1,8,23,0.0181,72.5,1,8,13,0.0107,72.8,1,,,,,0,,,,,0,,,,,0,,,,,0
2010/1/3 06:05,1108687,5,N,ML,36,100,59,0.0135,72.5,9,14,0.0109,74.4,1,9,18,0.0147,71.3,1,9,13,0.0117,71.9,1,9,14,0.0169,72.5,1,,,,,0,,,,,0,,,,,0,,,,,0
2010/1/3 06:10,1108687,5,N,ML,24,100,60,0.0119,72,6,3,0.0024,74.2,1,6,25,0.0202,70.7,1,6,20,0.0159,72.8,1,6,12,0.0093,72.8,1,,,,,0,,,,,0,,,,,0,,,,,0
2010/1/3 06:15,1108687,5,N,ML,24,100,77,0.0153,73.1,6,15,0.0107,74.6,1,6,20,0.0156,70.8,1,6,30,0.0237,73.9,1,6,12,0.0111,72.8,1,,,,,0,,,,,0,,,,,0,,,,,0
2010/1/3 06:20,1108687,5,N,ML,24,100,75,0.0161,73,6,15,0.0109,74.7,1,6,25,0.0194,71,1,6,22,0.0172,74.7,1,6,13,0.0167,71.8,1,,,,,0,,,,,0,,,,,0,,,,,0
2010/1/3 06:25,1108687,5,N,ML,32,100,75,0.0153,73.2,8,14,0.0103,74.7,1,8,23,0.0179,71.1,1,8,23,0.0189,74.5,1,8,15,0.014,72.8,1,,,,,0,,,,,0,,,,,0,,,,,0
2010/1/3 06:30,1108687,5,N,ML,32,100,98,0.0202,72.8,8,25,0.0183,74.8,1,8,36,0.0279,71.3,1,8,24,0.0214,73.1,1,8,13,0.0132,72.8,1,,,,,0,,,,,0,,,,,0,,,,,0
2010/1/3 06:35,1108687,5,N,ML,28,100,116,0.0257,71.6,7,21,0.0165,73.8,1,7,46,0.0368,70.7,1,7,33,0.0294,71.6,1,7,16,0.0202,71.6,1,,,,,0,,,,,0,,,,,0,,,,,0
2010/1/3 06:40,1108687,5,N,ML,24,100,110,0.022,72.5,6,30,0.0218,74.3,1,6,38,0.0285,71.8,1,6,27,0.0232,71.3,1,6,15,0.0144,72.8,1,,,,,0,,,,,0,,,,,0,,,,,0
2010/1/3 06:45,1108687,5,N,ML,24,100,135,0.0293,71.8,6,30,0.0226,73.9,1,6,50,0.0385,71.9,1,6,38,0.0331,70.7,1,6,17,0.023,70.6,1,,,,,0,,,,,0,,,,,0,,,,,0
2010/1/3 06:50,1108687,5,N,ML,20,100,132,0.0273,72.1,5,40,0.0296,74,1,5,42,0.0325,71.9,1,5,38,0.0322,70.9,1,5,12,0.0149,69.8,1,,,,,0,,,,,0,,,,,0,,,,,0
2010/1/3 06:55,1108687,5,N,ML,24,100,107,0.0214,72.3,6,20,0.015,73.8,1,6,47,0.0363,71.9,1,6,22,0.018,71.5,1,6,18,0.0161,72.8,1,,,,,0,,,,,0,,,,,0,,,,,0
2010/1/3 07:00,1108687,5,N,ML,20,100,168,0.0333,72.6,5,44,0.032,74.4,1,5,54,0.042,71.7,1,5,44,0.0364,71.9,1,5,26,0.0229,72.8,1,,,,,0,,,,,0,,,,,0,,,,,0
2010/1/3 07:05,1108687,5,N,ML,24,100,145,0.0289,73,6,32,0.0222,75.7,1,6,50,0.0385,71.9,1,6,40,0.0328,72.3,1,6,23,0.0222,72.8,1,,,,,0,,,,,0,,,,,0,,,,,0
2010/1/3 07:10,1108687,5,N,ML,24,100,145,0.0282,73.4,6,30,0.0215,75.9,1,6,50,0.0378,72.5,1,6,33,0.0265,72.9,1,6,32,0.0269,72.8,1,,,,,0,,,,,0,,,,,0,,,,,0
2010/1/3 07:15,1108687,5,N,ML,24,100,125,0.0245,73.2,6,13,0.0094,75.9,1,6,55,0.0418,72.7,1,6,37,0.0298,73.3,1,6,20,0.017,72.8,1,,,,,0,,,,,0,,,,,0,,,,,0
2010/1/3 07:20,1108687,5,N,ML,24,100,144,0.0298,72.9,6,33,0.0235,76.2,1,6,55,0.0446,71,1,6,28,0.0235,72.7,1,6,28,0.0278,72.8,1,,,,,0,,,,,0,,,,,0,,,,,0
2010/1/3 07:25,1108687,5,N,ML,24,100,157,0.0334,72.1,6,37,0.0268,76.1,1,6,65,0.0506,71.2,1,6,33,0.032,69.5,1,6,22,0.0243,71.8,1,,,,,0,,,,,0,,,,,0,,,,,0
2010/1/3 07:30,1108687,5,N,ML,24,100,135,0.0266,72.1,6,35,0.0252,76.1,1,6,50,0.0391,71.1,1,6,35,0.03,69.4,1,6,15,0.0122,72.8,1,,,,,0,,,,,0,,,,,0,,,,,0
2010/1/3 07:35,1108687,5,N,ML,28,100,169,0.0335,72.8,7,46,0.0324,76.7,1,7,56,0.0414,72.7,1,7,46,0.0395,69.2,1,7,21,0.0205,72.8,1,,,,,0,,,,,0,,,,,0,,,,,0
2010/1/3 07:40,1108687,5,N,ML,32,100,187,0.0369,72.6,8,60,0.0442,75.8,1,8,63,0.05,71.5,1,8,44,0.0368,69.7,1,8,20,0.0165,72.8,1,,,,,0,,,,,0,,,,,0,,,,,0
2010/1/3 07:45,1108687,5,N,ML,28,100,145,0.0296,72.6,7,44,0.0324,75.4,1,7,53,0.0403,72.1,1,7,34,0.0275,70.6,1,7,14,0.0183,70.4,1,,,,,0,,,,,0,,,,,0,,,,,0
2010/1/3 07:50,1108687,5,N,ML,28,100,177,0.0352,72.4,7,40,0.0287,75.8,1,7,60,0.047,71.6,1,7,50,0.0422,70.3,1,7,27,0.023,72.8,1,,,,,0,,,,,0,,,,,0,,,,,0
2010/1/3 07:55,1108687,5,N,ML,24,100,162,0.0321,73.1,6,33,0.0243,75.5,1,6,62,0.0459,73.1,1,6,42,0.0335,71.4,1,6,25,0.0248,72.7,1,,,,,0,,,,,0,,,,,0,,,,,0
2010/1/3 08:00,1108687,5,N,ML,20,100,204,0.0413,73.2,5,44,0.0305,76.8,1,5,62,0.0484,72.3,1,5,70,0.0549,73,1,5,28,0.0316,70.3,1,,,,,0,,,,,0,,,,,0,,,,,0
2010/1/3 08:05,1108687,5,N,ML,32,100,163,0.0323,73.3,8,35,0.0254,76.5,1,8,50,0.039,71.9,1,8,53,0.043,72.7,1,8,25,0.0218,72.8,1,,,,,0,,,,,0,,,,,0,,,,,0
2010/1/3 08:10,1108687,5,N,ML,40,100,197,0.039,73.2,10,55,0.0406,75.7,1,10,70,0.0532,72.5,1,10,43,0.0362,71.6,1,10,29,0.0259,72.8,1,,,,,0,,,,,0,,,,,0,,,,,0
2010/1/3 08:15,1108687,5,N,ML,40,100,197,0.0403,72.8,10,48,0.0337,76.7,1,10,65,0.0519,71.3,1,10,54,0.0432,72.2,1,10,30,0.0325,70.7,1,,,,,0,,,,,0,,,,,0,,,,,0
2010/1/3 08:20,1108687,5,N,ML,36,100,236,0.0468,73.1,9,73,0.0531,76.3,1,9,77,0.06,71.4,1,9,59,0.0472,72.6,1,9,27,0.0268,70.7,1,,,,,0,,,,,0,,,,,0,,,,,0
2010/1/3 08:25,1108687,5,N,ML,40,100,176,0.0361,72.4,10,43,0.0316,75.9,1,10,59,0.0466,71,1,10,55,0.0445,72.5,1,10,19,0.0218,68.9,1,,,,,0,,,,,0,,,,,0,,,,,0
2010/1/3 08:30,1108687,5,N,ML,40,100,217,0.0446,72.3,10,59,0.0434,75.6,1,10,77,0.0592,71.7,1,10,52,0.042,72.5,1,10,29,0.0338,66.5,1,,,,,0,,,,,0,,,,,0,,,,,0
2010/1/3 08:35,1108687,5,N,ML,40,100,240,0.0488,72.2,10,66,0.0479,75.9,1,10,80,0.0613,72.2,1,10,61,0.0508,71.6,1,10,33,0.0352,66.1,1,,,,,0,,,,,0,,,,,0,,,,,0
2010/1/3 08:40,1108687,5,N,ML,40,100,238,0.0485,72.2,10,69,0.0504,75.9,1,10,84,0.0647,72.3,1,10,58,0.048,71.3,1,10,27,0.0308,64.7,1,,,,,0,,,,,0,,,,,0,,,,,0
2010/1/3 08:45,1108687,5,N,ML,40,100,263,0.0515,72.7,10,83,0.0611,75.6,1,10,77,0.06,71.9,1,10,64,0.0512,72.1,1,10,39,0.0339,69.3,1,,,,,0,,,,,0,,,,,0,,,,,0
2010/1/3 08:50,1108687,5,N,ML,40,100,242,0.0471,73.5,10,66,0.0467,76.8,1,10,78,0.0595,72.5,1,10,58,0.0471,72.1,1,10,40,0.0351,72.2,1,,,,,0,,,,,0,,,,,0,,,,,0
2010/1/3 08:55,1108687,5,N,ML,40,100,266,0.0545,72.8,10,75,0.0551,76.2,1,10,87,0.067,72.5,1,10,67,0.0566,70.9,1,10,37,0.0394,69.7,1,,,,,0,,,,,0,,,,,0,,,,,0
2010/1/3 09:00,1108687,5,N,ML,40,100,258,0.0529,72.6,10,85,0.0635,75.3,1,10,77,0.0592,72.5,1,10,67,0.0532,72.3,1,10,29,0.0358,66,1,,,,,0,,,,,0,,,,,0,,,,,0
2010/1/3 09:05,1108687,5,N,ML,40,100,248,0.0509,72.1,10,76,0.0547,76.3,1,10,81,0.0625,72.4,1,10,58,0.0503,70.4,1,10,33,0.036,64.9,1,,,,,0,,,,,0,,,,,0,,,,,0
2010/1/3 09:10,1108687,5,N,ML,40,100,223,0.0497,70.7,10,66,0.0472,77,1,10,77,0.0598,72.2,1,10,49,0.0489,66.1,1,10,31,0.043,60.5,1,,,,,0,,,,,0,,,,,0,,,,,0
2010/1/3 09:15,1108687,5,N,ML,40,100,270,0.0537,71.5,10,85,0.0624,76.5,1,10,89,0.0698,71.7,1,10,64,0.052,68.8,1,10,32,0.0308,63.2,1,,,,,0,,,,,0,,,,,0,,,,,0
2010/1/3 09:20,1108687,5,N,ML,40,100,258,0.0523,71.8,10,77,0.0553,77.1,1,10,78,0.0608,71.7,1,10,68,0.0553,70.4,1,10,35,0.0378,62.9,1,,,,,0,,,,,0,,,,,0,,,,,0
2010/1/3 09:25,1108687,5,N,ML,40,100,277,0.055,72.2,10,93,0.0695,75.9,1,10,89,0.07,71.4,1,10,62,0.0518,70.4,1,10,33,0.0288,66.9,1,,,,,0,,,,,0,,,,,0,,,,,0
2010/1/3 09:30,1108687,5,N,ML,40,100,291,0.059,71.8,10,83,0.0622,75.3,1,10,94,0.0727,71.9,1,10,68,0.0573,70.1,1,10,46,0.0437,68.1,1,,,,,0,,,,,0,,,,,0,,,,,0
2010/1/3 09:35,1108687,5,N,ML,40,100,323,0.0654,71.9,10,106,0.0798,74.8,1,10,101,0.08,71.2,1,10,72,0.0587,71.1,1,10,44,0.0432,68,1,,,,,0,,,,,0,,,,,0,,,,,0
2010/1/3 09:40,1108687,5,N,ML,40,100,329,0.0667,71.6,10,107,0.0813,74.2,1,10,99,0.0792,70.5,1,10,76,0.0649,70.1,1,10,47,0.0414,70.7,1,,,,,0,,,,,0,,,,,0,,,,,0
2010/1/3 09:45,1108687,5,N,ML,40,100,343,0.0692,72.1,10,117,0.0858,75.5,1,10,101,0.079,71.1,1,10,77,0.0654,69.7,1,10,48,0.0466,69.8,1,,,,,0,,,,,0,,,,,0,,,,,0
2010/1/3 09:50,1108687,5,N,ML,40,100,385,0.0811,70.7,10,112,0.0859,74.2,1,10,118,0.0932,71,1,10,90,0.0833,66.6,1,10,65,0.062,69.6,1,,,,,0,,,,,0,,,,,0,,,,,0
2010/1/3 09:55,1108687,5,N,ML,40,100,335,0.0673,71.9,10,93,0.067,76.2,1,10,110,0.0856,71.6,1,10,80,0.0649,69.6,1,10,52,0.0518,68.3,1,,,,,0,,,,,0,,,,,0,,,,,0
2010/1/3 10:00,1108687,5,N,ML,40,100,371,0.0766,71.7,10,125,0.0925,76,1,10,118,0.0928,71.4,1,10,71,0.0599,69.7,1,10,57,0.0612,65.4,1,,,,,0,,,,,0,,,,,0,,,,,0
2010/1/3 10:05,1108687,5,N,ML,40,100,379,0.0768,71.8,10,120,0.0881,76.3,1,10,121,0.0938,71.9,1,10,88,0.0766,68.7,1,10,50,0.0487,66.1,1,,,,,0,,,,,0,,,,,0,,,,,0
2010/1/3 10:10,1108687,5,N,ML,40,100,347,0.0713,71.4,10,118,0.0874,76.1,1,10,116,0.0928,70.9,1,10,70,0.0631,67.2,1,10,43,0.042,66.4,1,,,,,0,,,,,0,,,,,0,,,,,0
2010/1/3 10:15,1108687,5,N,ML,40,100,380,0.0774,71.6,10,124,0.0918,76.1,1,10,120,0.0933,71.7,1,10,86,0.0716,69.1,1,10,50,0.0531,64.5,1,,,,,0,,,,,0,,,,,0,,,,,0
2010/1/3 10:20,1108687,5,N,ML,40,100,385,0.0821,69.8,10,121,0.0946,73.7,1,10,132,0.106,70.6,1,10,84,0.077,66.8,1,10,48,0.0509,63.3,1,,,,,0,,,,,0,,,,,0,,,,,0
2010/1/3 10:25,1108687,5,N,ML,40,100,400,0.0817,70.5,10,136,0.1014,74.9,1,10,120,0.0958,70.4,1,10,91,0.0808,66.7,1,10,53,0.049,65.9,1,,,,,0,,,,,0,,,,,0,,,,,0
2010/1/3 10:30,1108687,5,N,ML,40,100,382,0.0768,71.3,10,120,0.091,74.6,1,10,117,0.0916,71.2,1,10,95,0.0778,69.6,1,10,50,0.0468,67.1,1,,,,,0,,,,,0,,,,,0,,,,,0
2010/1/3 10:35,1108687,5,N,ML,40,100,403,0.0818,71.7,10,140,0.1046,75.2,1,10,120,0.0948,71.2,1,10,94,0.079,70,1,10,49,0.049,66.1,1,,,,,0,,,,,0,,,,,0,,,,,0
2010/1/3 10:40,1108687,5,N,ML,40,100,403,0.0838,70.8,10,127,0.0967,74.6,1,10,119,0.0949,70.8,1,10,95,0.0822,69.1,1,10,62,0.0614,65.6,1,,,,,0,,,,,0,,,,,0,,,,,0
2010/1/3 10:45,1108687,5,N,ML,40,100,439,0.0922,70.4,10,142,0.1073,74.7,1,10,128,0.102,70.7,1,10,107,0.0922,68.9,1,10,62,0.0672,62.8,1,,,,,0,,,,,0,,,,,0,,,,,0
2010/1/3 10:50,1108687,5,N,ML,40,100,393,0.0816,70.5,10,135,0.1019,74.8,1,10,121,0.0962,70.7,1,10,86,0.0743,68.7,1,10,51,0.0541,61.8,1,,,,,0,,,,,0,,,,,0,,,,,0
2010/1/3 10:55,1108687,5,N,ML,40,100,387,0.0813,70,10,116,0.0882,74.6,1,10,126,0.0992,71.2,1,10,93,0.0829,67.5,1,10,52,0.0548,61.3,1,,,,,0,,,,,0,,,,,0,,,,,0
2010/1/3 11:00,1108687,5,N,ML,40,100,420,0.085,71.3,10,146,0.1078,75.9,1,10,126,0.0992,71.4,1,10,94,0.0776,69.7,1,10,54,0.0554,61.6,1,,,,,0,,,,,0,,,,,0,,,,,0
2010/1/3 11:05,1108687,5,N,ML,40,100,393,0.0809,70.9,10,123,0.0941,74.8,1,10,131,0.1045,70.9,1,10,90,0.0739,71,1,10,49,0.0513,61.2,1,,,,,0,,,,,0,,,,,0,,,,,0
2010/1/3 11:10,1108687,5,N,ML,40,100,386,0.0801,70.4,10,119,0.0902,74.8,1,10,124,0.0991,70.6,1,10,89,0.0781,69.2,1,10,54,0.0532,62.4,1,,,,,0,,,,,0,,,,,0,,,,,0
2010/1/3 11:15,1108687,5,N,ML,40,100,456,0.0964,69.7,10,157,0.1231,73.2,1,10,143,0.1146,70.4,1,10,95,0.0841,68,1,10,61,0.0637,61.6,1,,,,,0,,,,,0,,,,,0,,,,,0
2010/1/3 11:20,1108687,5,N,ML,40,100,420,0.0862,70.5,10,144,0.1077,74.9,1,10,127,0.101,70.7,1,10,97,0.0834,68.5,1,10,52,0.0528,61.8,1,,,,,0,,,,,0,,,,,0,,,,,0
2010/1/3 11:25,1108687,5,N,ML,40,100,380,0.0812,69.4,10,110,0.0842,74.5,1,10,128,0.1019,70.8,1,10,91,0.0833,66.5,1,10,51,0.0553,60.3,1,,,,,0,,,,,0,,,,,0,,,,,0
2010/1/3 11:30,1108687,5,N,ML,40,100,491,0.1031,69.5,10,169,0.1305,73.8,1,10,148,0.1196,70.1,1,10,114,0.0993,67.4,1,10,60,0.063,60.1,1,,,,,0,,,,,0,,,,,0,,,,,0
2010/1/3 11:35,1108687,5,N,ML,40,100,404,0.0845,69.4,10,122,0.0935,74,1,10,129,0.1031,70.4,1,10,96,0.0865,66.5,1,10,57,0.0549,62.1,1,,,,,0,,,,,0,,,,,0,,,,,0
2010/1/3 11:40,1108687,5,N,ML,40,100,402,0.0825,70.1,10,135,0.1058,73.1,1,10,117,0.0925,71,1,10,94,0.0809,67.8,1,10,56,0.0509,64.8,1,,,,,0,,,,,0,,,,,0,,,,,0
2010/1/3 11:45,1108687,5,N,ML,40,100,439,0.0911,70.3,10,146,0.113,73.3,1,10,124,0.0995,70.6,1,10,105,0.0864,70.2,1,10,64,0.0656,63.1,1,,,,,0,,,,,0,,,,,0,,,,,0
2010/1/3 11:50,1108687,5,N,ML,36,100,459,0.0963,70,9,151,0.1164,73.6,1,9,134,0.109,69.9,1,9,116,0.099,69.8,1,9,58,0.0609,61.5,1,,,,,0,,,,,0,,,,,0,,,,,0
2010/1/3 11:55,1108687,5,N,ML,40,100,452,0.0999,68.3,10,166,0.1305,72.8,1,10,135,0.1099,69.6,1,10,99,0.0982,64.4,1,10,52,0.0611,58.2,1,,,,,0,,,,,0,,,,,0,,,,,0
2010/1/3 12:00,1108687,5,N,ML,40,100,433,0.0901,69.1,10,152,0.1158,74,1,10,132,0.1067,69.8,1,10,96,0.0868,65.1,1,10,53,0.0512,60.5,1,,,,,0,,,,,0,,,,,0,,,,,0
2010/1/3 12:05,1108687,5,N,ML,40,100,418,0.086,69.9,10,135,0.1033,74.2,1,10,138,0.109,70.9,1,10,90,0.0775,67.1,1,10,55,0.0543,61.4,1,,,,,0,,,,,0,,,,,0,,,,,0
2010/1/3 12:10,1108687,5,N,ML,40,100,485,0.1002,70.1,10,150,0.1162,73.7,1,10,150,0.1181,71.5,1,10,113,0.0965,68.5,1,10,72,0.07,62.4,1,,,,,0,,,,,0,,,,,0,,,,,0
2010/1/3 12:15,1108687,5,N,ML,40,100,426,0.0895,69.7,10,149,0.1173,72.8,1,10,128,0.104,70.3,1,10,97,0.0838,68.6,1,10,52,0.053,61.7,1,,,,,0,,,,,0,,,,,0,,,,,0
2010/1/3 12:20,1108687,5,N,ML,40,100,434,0.09,69.8,10,158,0.1232,72.9,1,10,127,0.102,70.4,1,10,87,0.0758,68.4,1,10,62,0.0591,62.9,1,,,,,0,,,,,0,,,,,0,,,,,0
2010/1/3 12:25,1108687,5,N,ML,40,100,437,0.0922,69.4,10,153,0.1215,72.1,1,10,126,0.1019,70.1,1,10,104,0.0893,68.8,1,10,54,0.056,61.5,1,,,,,0,,,,,0,,,,,0,,,,,0
2010/1/3 12:30,1108687,5,N,ML,40,100,422,0.0916,68.9,10,152,0.1168,73.4,1,10,123,0.1019,69,1,10,99,0.0889,67.4,1,10,48,0.0588,57.3,1,,,,,0,,,,,0,,,,,0,,,,,0
2010/1/3 12:35,1108687,5,N,ML,40,100,465,0.1021,67,10,144,0.1166,71.5,1,10,135,0.112,68.5,1,10,113,0.1075,64.5,1,10,73,0.0724,59.4,1,,,,,0,,,,,0,,,,,0,,,,,0
2010/1/3 12:40,1108687,5,N,ML,40,100,556,0.1234,66.2,10,200,0.1678,69,1,10,160,0.1327,68.3,1,10,125,0.1206,62.7,1,10,71,0.0727,59.5,1,,,,,0,,,,,0,,,,,0,,,,,0
2010/1/3 12:45,1108687,5,N,ML,40,100,498,0.1034,68.3,10,158,0.1227,71.9,1,10,152,0.1245,68.8,1,10,103,0.0895,65.8,1,10,85,0.0769,63.5,1,,,,,0,,,,,0,,,,,0,,,,,0
2010/1/3 12:50,1108687,5,N,ML,40,100,467,0.0991,68.5,10,155,0.1231,71.8,1,10,142,0.1158,69.2,1,10,105,0.0943,66,1,10,65,0.0632,63.1,1,,,,,0,,,,,0,,,,,0,,,,,0
2010/1/3 12:55,1108687,5,N,ML,40,100,473,0.098,69.8,10,162,0.123,74,1,10,139,0.1109,70.3,1,10,108,0.0928,67.8,1,10,64,0.0655,61.5,1,,,,,0,,,,,0,,,,,0,,,,,0
2010/1/3 13:00,1108687,5,N,ML,40,100,459,0.0958,69.8,10,165,0.127,74.1,1,10,124,0.0989,70.7,1,10,106,0.0956,66.7,1,10,64,0.0615,62.3,1,,,,,0,,,,,0,,,,,0,,,,,0
2010/1/3 13:05,1108687,5,N,ML,40,100,461,0.098,69,10,159,0.1272,72.2,1,10,140,0.1133,70.3,1,10,107,0.0961,66.4,1,10,55,0.0554,61.5,1,,,,,0,,,,,0,,,,,0,,,,,0
2010/1/3 13:10,1108687,5,N,ML,40,100,449,0.0962,68.6,10,153,0.1213,72,1,10,133,0.1076,70.2,1,10,110,0.0976,66.7,1,10,53,0.0583,59,1,,,,,0,,,,,0,,,,,0,,,,,0
2010/1/3 13:15,1108687,5,N,ML,40,100,454,0.0968,68.3,10,144,0.1139,72.1,1,10,141,0.1132,70.5,1,10,109,0.1012,65.1,1,10,60,0.0587,60.2,1,,,,,0,,,,,0,,,,,0,,,,,0
2010/1/3 13:20,1108687,5,N,ML,40,100,437,0.0925,68.6,10,151,0.1189,72.3,1,10,137,0.1103,70.5,1,10,89,0.0817,64.9,1,10,60,0.059,60.8,1,,,,,0,,,,,0,,,,,0,,,,,0
2010/1/3 13:25,1108687,5,N,ML,40,100,433,0.0906,69.7,10,158,0.1198,74.2,1,10,135,0.1071,71.1,1,10,91,0.081,65.8,1,10,49,0.0545,58.4,1,,,,,0,,,,,0,,,,,0,,,,,0
2010/1/3 13:30,1108687,5,N,ML,40,100,479,0.1013,69,10,164,0.1301,72.7,1,10,146,0.1183,70.4,1,10,115,0.1004,67.1,1,10,54,0.0563,58.2,1,,,,,0,,,,,0,,,,,0,,,,,0
2010/1/3 13:35,1108687,5,N,ML,40,100,425,0.089,68.9,10,137,0.1088,72.2,1,10,128,0.104,70.1,1,10,103,0.0903,67.5,1,10,57,0.053,60.9,1,,,,,0,,,,,0,,,,,0,,,,,0
2010/1/3 13:40,1108687,5,N,ML,40,100,504,0.1087,68.1,10,167,0.1328,71.9,1,10,154,0.1289,68.6,1,10,118,0.107,66.3,1,10,65,0.0663,60.1,1,,,,,0,,,,,0,,,,,0,,,,,0
2010/1/3 13:45,1108687,5,N,ML,40,100,415,0.0869,68.6,10,144,0.1133,72.3,1,10,122,0.0993,69.3,1,10,87,0.0804,65.2,1,10,62,0.0544,63.7,1,,,,,0,,,,,0,,,,,0,,,,,0
2010/1/3 13:50,1108687,5,N,ML,40,100,414,0.087,69.2,10,135,0.1059,72.6,1,10,126,0.1013,70.1,1,10,99,0.0832,68.2,1,10,54,0.0577,60.8,1,,,,,0,,,,,0,,,,,0,,,,,0
2010/1/3 13:55,1108687,5,N,ML,40,100,422,0.0913,68.2,10,135,0.1047,73.2,1,10,123,0.1009,69.6,1,10,94,0.0891,65.2,1,10,70,0.0706,60.3,1,,,,,0,,,,,0,,,,,0,,,,,0
2010/1/3 14:00,1108687,5,N,ML,40,100,459,0.0956,69.2,10,155,0.1234,72.2,1,10,137,0.1098,70.4,1,10,101,0.084,68.6,1,10,66,0.0651,60.6,1,,,,,0,,,,,0,,,,,0,,,,,0
2010/1/3 14:05,1108687,5,N,ML,40,100,421,0.0877,69.8,10,143,0.1094,73.7,1,10,128,0.1014,71.2,1,10,89,0.0773,68.5,1,10,61,0.0629,59.6,1,,,,,0,,,,,0,,,,,0,,,,,0
2010/1/3 14:10,1108687,5,N,ML,40,100,440,0.0903,70.5,10,158,0.1195,74.9,1,10,131,0.105,71,1,10,93,0.0798,68.8,1,10,58,0.057,60.2,1,,,,,0,,,,,0,,,,,0,,,,,0
2010/1/3 14:15,1108687,5,N,ML,40,100,410,0.0825,71.2,10,135,0.1032,74.8,1,10,126,0.1002,71.3,1,10,97,0.0799,70.5,1,10,52,0.0467,62.7,1,,,,,0,,,,,0,,,,,0,,,,,0
2010/1/3 14:20,1108687,5,N,ML,40,100,453,0.0961,69.8,10,157,0.1218,74,1,10,133,0.1093,70,1,10,104,0.093,68.2,1,10,59,0.0605,60.9,1,,,,,0,,,,,0,,,,,0,,,,,0
2010/1/3 14:25,1108687,5,N,ML,40,100,414,0.0866,69.6,10,136,0.1021,75.3,1,10,131,0.1099,68.6,1,10,95,0.0867,66.5,1,10,52,0.0478,62.6,1,,,,,0,,,,,0,,,,,0,,,,,0
2010/1/3 14:30,1108687,5,N,ML,40,100,426,0.0889,69.6,10,144,0.1123,74,1,10,124,0.1001,69.7,1,10,97,0.0848,67.2,1,10,61,0.0583,62.6,1,,,,,0,,,,,0,,,,,0,,,,,0
2010/1/3 14:35,1108687,5,N,ML,40,100,450,0.095,69.2,10,167,0.1318,72.9,1,10,129,0.1072,68.9,1,10,100,0.0876,67.5,1,10,54,0.0534,61.8,1,,,,,0,,,,,0,,,,,0,,,,,0
2010/1/3 14:40,1108687,5,N,ML,40,100,375,0.0798,69.3,10,132,0.1018,73.6,1,10,124,0.1008,69.6,1,10,79,0.0708,66.8,1,10,40,0.0459,58.7,1,,,,,0,,,,,0,,,,,0,,,,,0
2010/1/3 14:45,1108687,5,N,ML,40,100,453,0.0946,69.3,10,152,0.1166,74.1,1,10,132,0.1069,70,1,10,111,0.0981,66.9,1,10,58,0.0567,59.7,1,,,,,0,,,,,0,,,,,0,,,,,0
2010/1/3 14:50,1108687,5,N,ML,40,100,484,0.104,68.2,10,174,0.1393,72.2,1,10,145,0.1199,69.3,1,10,100,0.0939,64.8,1,10,65,0.063,60.6,1,,,,,0,,,,,0,,,,,0,,,,,0
2010/1/3 14:55,1108687,5,N,ML,40,100,419,0.0852,69.8,10,138,0.1057,73.7,1,10,127,0.1027,70,1,10,98,0.0812,68.4,1,10,56,0.0512,62.5,1,,,,,0,,,,,0,,,,,0,,,,,0
2010/1/3 15:00,1108687,5,N,ML,40,100,463,0.0963,69.9,10,159,0.1231,73.7,1,10,138,0.1109,70.5,1,10,96,0.0836,68.2,1,10,70,0.0675,62.3,1,,,,,0,,,,,0,,,,,0,,,,,0
2010/1/3 15:05,1108687,5,N,ML,40,100,410,0.0854,69.9,10,144,0.1118,73.6,1,10,136,0.1114,69.9,1,10,80,0.0702,67.8,1,10,50,0.0482,62.2,1,,,,,0,,,,,0,,,,,0,,,,,0
2010/1/3 15:10,1108687,5,N,ML,40,100,481,0.0989,70.2,10,173,0.1363,72.8,1,10,142,0.1111,71.7,1,10,109,0.0954,67.7,1,10,57,0.0528,63.2,1,,,,,0,,,,,0,,,,,0,,,,,0
2010/1/3 15:15,1108687,5,N,ML,40,100,475,0.0992,69.8,10,165,0.1294,72.8,1,10,142,0.1156,70.6,1,10,104,0.09,68.1,1,10,64,0.0617,62.7,1,,,,,0,,,,,0,,,,,0,,,,,0
2010/1/3 15:20,1108687,5,N,ML,40,100,466,0.0963,70.7,10,167,0.1265,74.5,1,10,142,0.112,71.6,1,10,109,0.0935,68.6,1,10,48,0.0534,59.4,1,,,,,0,,,,,0,,,,,0,,,,,0
2010/1/3 15:25,1108687,5,N,ML,40,100,424,0.0869,70.5,10,136,0.1059,73.8,1,10,136,0.1061,72.5,1,10,100,0.0883,67.7,1,10,52,0.0474,61.8,1,,,,,0,,,,,0,,,,,0,,,,,0
2010/1/3 15:30,1108687,5,N,ML,40,100,507,0.1072,69.5,10,186,0.1461,73,1,10,154,0.1233,71.6,1,10,103,0.0973,64.9,1,10,64,0.062,61.8,1,,,,,0,,,,,0,,,,,0,,,,,0
2010/1/3 15:35,1108687,5,N,ML,40,100,435,0.0918,68.9,10,147,0.1174,72,1,10,130,0.1075,70,1,10,103,0.0895,66.6,1,10,55,0.0529,62,1,,,,,0,,,,,0,,,,,0,,,,,0
2010/1/3 15:40,1108687,5,N,ML,40,100,444,0.0909,70,10,141,0.108,73.6,1,10,141,0.1119,71.1,1,10,94,0.083,66.8,1,10,68,0.0605,64.4,1,,,,,0,,,,,0,,,,,0,,,,,0
2010/1/3 15:45,1108687,5,N,ML,40,100,440,0.0887,71.1,10,160,0.1215,74.6,1,10,125,0.1001,71.1,1,10,95,0.0798,68.7,1,10,60,0.0534,65.6,1,,,,,0,,,,,0,,,,,0,,,,,0
2010/1/3 15:50,1108687,5,N,ML,40,100,458,0.0967,69.6,10,152,0.1197,73.2,1,10,145,0.1198,69.8,1,10,100,0.0916,66.4,1,10,61,0.0558,65.6,1,,,,,0,,,,,0,,,,,0,,,,,0
2010/1/3 15:55,1108687,5,N,ML,40,100,491,0.1035,69.2,10,177,0.1396,72.6,1,10,143,0.1196,68.8,1,10,102,0.0891,67,1,10,69,0.0657,64.4,1,,,,,0,,,,,0,,,,,0,,,,,0
2010/1/3 16:00,1108687,5,N,ML,40,100,470,0.0984,69.6,10,174,0.136,72.9,1,10,137,0.1111,69.7,1,10,110,0.0954,67.6,1,10,49,0.0511,61.8,1,,,,,0,,,,,0,,,,,0,,,,,0
2010/1/3 16:05,1108687,5,N,ML,40,100,470,0.0969,69.9,10,159,0.1219,73.9,1,10,143,0.1146,70.6,1,10,111,0.0999,66.4,1,10,57,0.0512,63.8,1,,,,,0,,,,,0,,,,,0,,,,,0
2010/1/3 16:10,1108687,5,N,ML,40,100,488,0.1038,69.3,10,177,0.1404,72.6,1,10,146,0.1187,70.3,1,10,112,0.0972,67.2,1,10,53,0.0591,59.9,1,,,,,0,,,,,0,,,,,0,,,,,0
2010/1/3 16:15,1108687,5,N,ML,40,100,500,0.1069,68.5,10,176,0.1399,72.1,1,10,153,0.1254,69.8,1,10,108,0.098,65.9,1,10,63,0.0642,59.5,1,,,,,0,,,,,0,,,,,0,,,,,0
2010/1/3 16:20,1108687,5,N,ML,40,100,497,0.1046,68.4,10,171,0.1357,72,1,10,141,0.1178,68.8,1,10,119,0.1068,65.7,1,10,66,0.0582,63.3,1,,,,,0,,,,,0,,,,,0,,,,,0
2010/1/3 16:25,1108687,5,N,ML,40,100,545,0.1183,67.3,10,195,0.1626,69.5,1,10,156,0.1323,67.8,1,10,127,0.1143,65.5,1,10,67,0.0642,63,1,,,,,0,,,,,0,,,,,0,,,,,0
2010/1/3 16:30,1108687,5,N,ML,40,100,532,0.1167,66.5,10,182,0.1517,68.8,1,10,154,0.1295,67.8,1,10,118,0.1105,63.9,1,10,78,0.0751,62.7,1,,,,,0,,,,,0,,,,,0,,,,,0
2010/1/3 16:35,1108687,5,N,ML,40,100,539,0.1216,65.2,10,174,0.1488,67.4,1,10,165,0.1423,66.7,1,10,124,0.119,62.3,1,10,76,0.0761,61.4,1,,,,,0,,,,,0,,,,,0,,,,,0
2010/1/3 16:40,1108687,5,N,ML,40,100,517,0.1105,66.7,10,179,0.1491,68.1,1,10,156,0.129,68.2,1,10,118,0.1056,64.3,1,10,64,0.0584,63.3,1,,,,,0,,,,,0,,,,,0,,,,,0
2010/1/3 16:45,1108687,5,N,ML,40,100,547,0.1177,67.3,10,192,0.1539,70.2,1,10,155,0.1319,67.4,1,10,124,0.1075,66.4,1,10,76,0.0777,61.2,1,,,,,0,,,,,0,,,,,0,,,,,0
2010/1/3 16:50,1108687,5,N,ML,40,100,550,0.1189,67,10,190,0.1569,69.4,1,10,159,0.1364,66.8,1,10,129,0.1142,66.3,1,10,72,0.068,62.3,1,,,,,0,,,,,0,,,,,0,,,,,0
2010/1/3 16:55,1108687,5,N,ML,40,100,525,0.1129,67.5,10,181,0.1439,71,1,10,139,0.1156,67.9,1,10,126,0.1113,66.4,1,10,79,0.0808,60.6,1,,,,,0,,,,,0,,,,,0,,,,,0
2010/1/3 17:00,1108687,5,N,ML,40,100,541,0.1191,66.4,10,181,0.1522,68.8,1,10,165,0.1419,66.9,1,10,119,0.1094,64.9,1,10,76,0.0727,61.7,1,,,,,0,,,,,0,,,,,0,,,,,0
2010/1/3 17:05,1108687,5,N,ML,40,100,532,0.1151,66.6,10,178,0.1492,68.3,1,10,166,0.1394,67.6,1,10,120,0.109,64.7,1,10,68,0.063,63.2,1,,,,,0,,,,,0,,,,,0,,,,,0
2010/1/3 17:10,1108687,5,N,ML,40,100,501,0.1099,66.2,10,157,0.1311,68.3,1,10,151,0.1282,67.3,1,10,120,0.1094,64.4,1,10,73,0.0709,62.6,1,,,,,0,,,,,0,,,,,0,,,,,0
2010/1/3 17:15,1108687,5,N,ML,40,100,515,0.1131,66.1,10,175,0.1477,67.8,1,10,153,0.1303,67.1,1,10,115,0.106,63.9,1,10,72,0.0683,63,1,,,,,0,,,,,0,,,,,0,,,,,0
2010/1/3 17:20,1108687,5,N,ML,40,100,490,0.1097,65.1,10,163,0.1402,66.8,1,10,144,0.1278,65.3,1,10,111,0.1034,63.3,1,10,72,0.0674,63.6,1,,,,,0,,,,,0,,,,,0,,,,,0
2010/1/3 17:25,1108687,5,N,ML,40,100,500,0.114,64.2,10,165,0.1442,65.8,1,10,150,0.1331,64.6,1,10,119,0.1101,63.2,1,10,66,0.0687,61.1,1,,,,,0,,,,,0,,,,,0,,,,,0
2010/1/3 17:30,1108687,5,N,ML,40,100,499,0.1179,63,10,160,0.1354,66.9,1,10,145,0.127,64.9,1,10,115,0.1174,59.7,1,10,79,0.0918,56.6,1,,,,,0,,,,,0,,,,,0,,,,,0
2010/1/3 17:35,1108687,5,N,ML,40,100,502,0.1135,63.5,10,154,0.1358,65.5,1,10,151,0.1312,65.4,1,10,122,0.1126,61.8,1,10,75,0.0742,58.6,1,,,,,0,,,,,0,,,,,0,,,,,0
2010/1/3 17:40,1108687,5,N,ML,40,100,508,0.1147,63.8,10,160,0.1409,65,1,10,156,0.1363,65.3,1,10,118,0.1093,62.5,1,10,74,0.0721,60.1,1,,,,,0,,,,,0,,,,,0,,,,,0
2010/1/3 17:45,1108687,5,N,ML,40,100,492,0.1098,64.4,10,160,0.1372,66,1,10,150,0.1312,65.2,1,10,108,0.0993,63,1,10,74,0.0714,61.2,1,,,,,0,,,,,0,,,,,0,,,,,0
2010/1/3 17:50,1108687,5,N,ML,40,100,504,0.1193,62.7,10,159,0.14,65.2,1,10,140,0.1251,64.3,1,10,116,0.1114,61.6,1,10,89,0.1009,57.1,1,,,,,0,,,,,0,,,,,0,,,,,0
2010/1/3 17:55,1108687,5,N,ML,40,100,491,0.117,61.5,10,145,0.1328,63.3,1,10,149,0.1383,62.5,1,10,128,0.1236,60.8,1,10,69,0.0734,56.9,1,,,,,0,,,,,0,,,,,0,,,,,0
2010/1/3 18:00,1108687,5,N,ML,40,100,497,0.1142,62.6,10,155,0.1351,64.7,1,10,150,0.1311,64.3,1,10,121,0.1137,61.5,1,10,71,0.0767,56.4,1,,,,,0,,,,,0,,,,,0,,,,,0
2010/1/3 18:05,1108687,5,N,ML,40,100,494,0.1168,61.9,10,160,0.1425,64.3,1,10,139,0.1239,64.1,1,10,116,0.1116,60.9,1,10,79,0.0891,54.9,1,,,,,0,,,,,0,,,,,0,,,,,0
2010/1/3 18:10,1108687,5,N,ML,40,100,518,0.1192,62.5,10,161,0.1412,64.8,1,10,154,0.1358,64.4,1,10,120,0.1125,61.5,1,10,83,0.0875,56,1,,,,,0,,,,,0,,,,,0,,,,,0
2010/1/3 18:15,1108687,5,N,ML,36,100,489,0.112,63.1,9,161,0.138,66,1,9,134,0.12,63.9,1,9,120,0.1097,62.7,1,9,74,0.0801,55.8,1,,,,,0,,,,,0,,,,,0,,,,,0
2010/1/3 18:20,1108687,5,N,ML,40,100,506,0.1163,63,10,152,0.1336,65.3,1,10,140,0.1256,63.7,1,10,132,0.1192,63.7,1,10,82,0.0868,56.3,1,,,,,0,,,,,0,,,,,0,,,,,0
2010/1/3 18:25,1108687,5,N,ML,40,100,488,0.1157,61.6,10,163,0.1501,63.1,1,10,138,0.1279,62.3,1,10,115,0.1153,60.3,1,10,72,0.0695,59.1,1,,,,,0,,,,,0,,,,,0,,,,,0
2010/1/3 18:30,1108687,5,N,ML,40,100,523,0.123,61.5,10,158,0.143,63.1,1,10,154,0.1426,61.8,1,10,119,0.1164,59.7,1,10,92,0.09,60.4,1,,,,,0,,,,,0,,,,,0,,,,,0
2010/1/3 18:35,1108687,5,N,ML,40,100,491,0.117,61,10,147,0.134,62.8,1,10,140,0.1291,61.8,1,10,130,0.1303,58.5,1,10,74,0.0748,60,1,,,,,0,,,,,0,,,,,0,,,,,0
2010/1/3 18:40,1108687,5,N,ML,40,100,514,0.1195,61.8,10,163,0.1455,63.5,1,10,154,0.1378,63,1,10,118,0.1127,59.7,1,10,79,0.0818,59.1,1,,,,,0,,,,,0,,,,,0,,,,,0
2010/1/3 18:45,1108687,5,N,ML,40,100,538,0.1283,61,10,168,0.1552,62.3,1,10,156,0.1449,61.9,1,10,129,0.1246,59.8,1,10,85,0.0886,58.4,1,,,,,0,,,,,0,,,,,0,,,,,0
2010/1/3 18:50,1108687,5,N,ML,40,100,505,0.1189,61.3,10,150,0.1357,62.8,1,10,153,0.138,62.7,1,10,129,0.122,60.6,1,10,73,0.08,56.8,1,,,,,0,,,,,0,,,,,0,,,,,0
2010/1/3 18:55,1108687,5,N,ML,40,100,537,0.1215,62.9,10,173,0.1519,64.3,1,10,153,0.1364,63.5,1,10,139,0.1234,63.3,1,10,72,0.0742,57.5,1,,,,,0,,,,,0,,,,,0,,,,,0
2010/1/3 19:00,1108687,5,N,ML,40,100,506,0.1124,64.5,10,180,0.149,67.5,1,10,146,0.1244,65.6,1,10,117,0.1067,63.2,1,10,63,0.0697,56.1,1,,,,,0,,,,,0,,,,,0,,,,,0
2010/1/3 19:05,1108687,5,N,ML,32,100,421,0.0906,66.4,8,148,0.1179,70.2,1,8,121,0.0992,67.9,1,8,91,0.0776,65.5,1,8,61,0.0675,55.3,1,,,,,0,,,,,0,,,,,0,,,,,0
2010/1/3 19:10,1108687,5,N,ML,40,100,377,0.0769,68.5,10,127,0.0998,71.7,1,10,113,0.0931,68.6,1,10,88,0.0714,68.3,1,10,49,0.0433,60,1,,,,,0,,,,,0,,,,,0,,,,,0
2010/1/3 19:15,1108687,5,N,ML,32,100,411,0.086,68.6,8,141,0.1117,71.9,1,8,116,0.0942,69.5,1,8,93,0.0807,67.2,1,8,61,0.0574,61.6,1,,,,,0,,,,,0,,,,,0,,,,,0
2010/1/3 19:20,1108687,5,N,ML,28,100,388,0.0819,68.8,7,130,0.1043,71.5,1,7,119,0.0965,69.9,1,7,89,0.0735,68.4,1,7,50,0.0535,59.5,1,,,,,0,,,,,0,,,,,0,,,,,0
2010/1/3 19:25,1108687,5,N,ML,40,100,388,0.0793,70,10,133,0.1009,73.8,1,10,115,0.0904,71.3,1,10,93,0.0783,68.3,1,10,47,0.0477,59.3,1,,,,,0,,,,,0,,,,,0,,,,,0
2010/1/3 19:30,1108687,5,N,ML,40,100,339,0.0685,70.7,10,120,0.0906,74.9,1,10,104,0.0815,72,1,10,74,0.0631,67.8,1,10,41,0.0388,60.6,1,,,,,0,,,,,0,,,,,0,,,,,0
2010/1/3 19:35,1108687,5,N,ML,40,100,337,0.0698,70.3,10,115,0.0874,75.1,1,10,106,0.0871,70.4,1,10,78,0.0642,68.7,1,10,38,0.0406,59.1,1,,,,,0,,,,,0,,,,,0,,,,,0
2010/1/3 19:40,1108687,5,N,ML,40,100,392,0.0814,69.8,10,140,0.1071,74.8,1,10,117,0.0931,71,1,10,82,0.0754,65.5,1,10,53,0.0501,60.7,1,,,,,0,,,,,0,,,,,0,,,,,0
2010/1/3 19:45,1108687,5,N,ML,36,100,373,0.0757,70.2,9,126,0.097,74.5,1,9,101,0.08,71.4,1,9,93,0.0764,67.7,1,9,53,0.0493,62,1,,,,,0,,,,,0,,,,,0,,,,,0
2010/1/3 19:50,1108687,5,N,ML,40,100,379,0.0797,69.6,10,140,0.1102,73.3,1,10,119,0.095,71.3,1,10,74,0.072,63.5,1,10,46,0.0415,63.4,1,,,,,0,,,,,0,,,,,0,,,,,0
2010/1/3 19:55,1108687,5,N,ML,40,100,332,0.0726,67.8,10,106,0.0838,72.7,1,10,105,0.0858,70.3,1,10,80,0.0763,61.8,1,10,41,0.0444,60.6,1,,,,,0,,,,,0,,,,,0,,,,,0
2010/1/3 20:00,1108687,5,N,ML,40,100,395,0.0854,67.6,10,135,0.1054,73,1,10,127,0.104,69.7,1,10,75,0.0751,59.6,1,10,58,0.0572,60.5,1,,,,,0,,,,,0,,,,,0,,,,,0
2010/1/3 20:05,1108687,5,N,ML,40,100,356,0.0717,69.4,10,114,0.0867,74.3,1,10,117,0.0926,70.9,1,10,83,0.0693,64,1,10,42,0.038,62.2,1,,,,,0,,,,,0,,,,,0,,,,,0
2010/1/3 20:10,1108687,5,N,ML,40,100,347,0.0737,69.6,10,116,0.0873,75.3,1,10,110,0.0859,72,1,10,82,0.0732,64,1,10,39,0.0483,57.7,1,,,,,0,,,,,0,,,,,0,,,,,0
2010/1/3 20:15,1108687,5,N,ML,40,100,315,0.0669,69.2,10,104,0.0802,74.7,1,10,100,0.0781,72.4,1,10,72,0.0635,64.3,1,10,39,0.046,55.3,1,,,,,0,,,,,0,,,,,0,,,,,0
2010/1/3 20:20,1108687,5,N,ML,40,100,366,0.0788,68.3,10,122,0.095,74,1,10,108,0.0878,71,1,10,88,0.0765,65,1,10,48,0.0559,53.7,1,,,,,0,,,,,0,,,,,0,,,,,0
2010/1/3 20:25,1108687,5,N,ML,40,100,335,0.0686,69,10,107,0.0821,74.3,1,10,110,0.0888,70.6,1,10,72,0.0617,65.7,1,10,46,0.0418,57.8,1,,,,,0,,,,,0,,,,,0,,,,,0
2010/1/3 20:30,1108687,5,N,ML,40,100,357,0.0751,69.2,10,117,0.0898,74.5,1,10,107,0.0854,70.9,1,10,91,0.0771,66.5,1,10,42,0.048,55.8,1,,,,,0,,,,,0,,,,,0,,,,,0
2010/1/3 20:35,1108687,5,N,ML,40,100,291,0.0595,69.9,10,102,0.0779,74.8,1,10,95,0.0766,70.7,1,10,61,0.0499,67.9,1,10,33,0.0336,56.4,1,,,,,0,,,,,0,,,,,0,,,,,0
2010/1/3 20:40,1108687,5,N,ML,40,100,335,0.069,69.6,10,113,0.0875,74.3,1,10,96,0.0766,71,1,10,82,0.0689,67.9,1,10,44,0.043,57.8,1,,,,,0,,,,,0,,,,,0,,,,,0
2010/1/3 20:45,1108687,5,N,ML,40,100,298,0.0619,69.6,10,106,0.0813,74.5,1,10,90,0.0737,70.2,1,10,66,0.057,67.1,1,10,36,0.0358,58.3,1,,,,,0,,,,,0,,,,,0,,,,,0
2010/1/3 20:50,1108687,5,N,ML,40,100,294,0.0605,70,10,116,0.0879,75.1,1,10,85,0.0679,70.7,1,10,56,0.0501,65.8,1,10,37,0.0359,59.1,1,,,,,0,,,,,0,,,,,0,,,,,0
2010/1/3 20:55,1108687,5,N,ML,40,100,291,0.0592,70.4,10,108,0.0814,75.6,1,10,87,0.0681,71.7,1,10,65,0.0572,65.4,1,10,31,0.0301,59.5,1,,,,,0,,,,,0,,,,,0,,,,,0
2010/1/3 21:00,1108687,5,N,ML,40,100,301,0.0622,69.8,10,103,0.0788,75.2,1,10,87,0.0707,70.8,1,10,73,0.0615,66.5,1,10,38,0.038,59.3,1,,,,,0,,,,,0,,,,,0,,,,,0
2010/1/3 21:05,1108687,5,N,ML,40,100,267,0.0534,70.6,10,84,0.064,75.2,1,10,89,0.0683,72.5,1,10,60,0.0511,66.7,1,10,34,0.03,61.5,1,,,,,0,,,,,0,,,,,0,,,,,0
2010/1/3 21:10,1108687,5,N,ML,40,100,290,0.0603,70.9,10,98,0.0725,76.4,1,10,92,0.0711,73.1,1,10,68,0.0602,65.7,1,10,32,0.0375,58.4,1,,,,,0,,,,,0,,,,,0,,,,,0
2010/1/3 21:15,1108687,5,N,ML,40,100,253,0.0531,69.5,10,80,0.0612,75.6,1,10,77,0.0614,72.2,1,10,61,0.0573,63.6,1,10,35,0.0324,60,1,,,,,0,,,,,0,,,,,0,,,,,0
2010/1/3 21:20,1108687,5,N,ML,40,100,283,0.0577,70,10,95,0.0735,74.8,1,10,85,0.0679,71.7,1,10,64,0.0522,66.4,1,10,39,0.0371,60.6,1,,,,,0,,,,,0,,,,,0,,,,,0
2010/1/3 21:25,1108687,5,N,ML,40,100,248,0.0504,70.8,10,83,0.0613,76.2,1,10,75,0.0577,72.8,1,10,60,0.0513,66.5,1,10,30,0.0313,59.5,1,,,,,0,,,,,0,,,,,0,,,,,0
2010/1/3 21:30,1108687,5,N,ML,40,100,240,0.0496,70.5,10,76,0.0578,75.8,1,10,81,0.0636,72.6,1,10,53,0.0461,66.1,1,10,30,0.0309,58.9,1,,,,,0,,,,,0,,,,,0,,,,,0
2010/1/3 21:35,1108687,5,N,ML,40,100,251,0.0513,70.2,10,76,0.0577,75.6,1,10,76,0.0589,73,1,10,67,0.0585,65.8,1,10,32,0.0299,60.1,1,,,,,0,,,,,0,,,,,0,,,,,0
2010/1/3 21:40,1108687,5,N,ML,40,100,280,0.0577,70.3,10,100,0.0767,75.1,1,10,85,0.0678,72.2,1,10,58,0.0507,65.6,1,10,37,0.0356,60.5,1,,,,,0,,,,,0,,,,,0,,,,,0
2010/1/3 21:45,1108687,5,N,ML,40,100,245,0.0509,70.1,10,81,0.0597,76.4,1,10,74,0.0595,71.5,1,10,59,0.0526,64.9,1,10,31,0.0316,59.9,1,,,,,0,,,,,0,,,,,0,,,,,0
2010/1/3 21:50,1108687,5,N,ML,40,100,215,0.0433,70.6,10,66,0.0499,76.1,1,10,73,0.0569,72.2,1,10,47,0.0377,67.1,1,10,29,0.0286,60,1,,,,,0,,,,,0,,,,,0,,,,,0
2010/1/3 21:55,1108687,5,N,ML,40,100,209,0.0436,70.5,10,78,0.0594,75.6,1,10,66,0.0527,71.8,1,10,37,0.0338,65.7,1,10,28,0.0286,59.6,1,,,,,0,,,,,0,,,,,0,,,,,0
2010/1/3 22:00,1108687,5,N,ML,40,100,235,0.0498,69.7,10,70,0.0523,76,1,10,73,0.0572,72.2,1,10,64,0.0558,65.6,1,10,28,0.0338,57,1,,,,,0,,,,,0,,,,,0,,,,,0
2010/1/3 22:05,1108687,5,N,ML,40,100,191,0.0401,69.6,10,58,0.043,76.5,1,10,59,0.0471,71.8,1,10,46,0.039,66.2,1,10,28,0.0312,56.1,1,,,,,0,,,,,0,,,,,0,,,,,0
2010/1/3 22:10,1108687,5,N,ML,40,100,218,0.0464,69.7,10,63,0.0468,76.7,1,10,72,0.0563,72.2,1,10,55,0.0471,66.3,1,10,28,0.0354,53.9,1,,,,,0,,,,,0,,,,,0,,,,,0
2010/1/3 22:15,1108687,5,N,ML,40,100,201,0.0446,68.6,10,61,0.0458,76.5,1,10,59,0.0459,72.5,1,10,49,0.0438,65.3,1,10,32,0.043,51.3,1,,,,,0,,,,,0,,,,,0,,,,,0
2010/1/3 22:20,1108687,5,N,ML,40,100,222,0.0457,70.2,10,78,0.0569,77.4,1,10,69,0.0537,72.7,1,10,47,0.0405,65.6,1,10,28,0.0317,51.7,1,,,,,0,,,,,0,,,,,0,,,,,0
2010/1/3 22:25,1108687,5,N,ML,40,100,166,0.0352,69.2,10,48,0.036,76.9,1,10,59,0.0464,72.5,1,10,34,0.0308,64.8,1,10,25,0.0274,52.4,1,,,,,0,,,,,0,,,,,0,,,,,0
2010/1/3 22:30,1108687,5,N,ML,40,100,178,0.0374,69.9,10,53,0.0383,77.7,1,10,55,0.0428,72.6,1,10,52,0.044,65.7,1,10,18,0.0247,50.9,1,,,,,0,,,,,0,,,,,0,,,,,0
2010/1/3 22:35,1108687,5,N,ML,40,100,174,0.0358,69.2,10,49,0.0374,76.6,1,10,58,0.0457,72.3,1,10,42,0.0361,65.8,1,10,25,0.0241,53.5,1,,,,,0,,,,,0,,,,,0,,,,,0
2010/1/3 22:40,1108687,5,N,ML,40,100,174,0.0359,69.3,10,53,0.0397,76.4,1,10,51,0.0402,72.1,1,10,42,0.0348,66.7,1,10,28,0.0291,54.6,1,,,,,0,,,,,0,,,,,0,,,,,0
2010/1/3 22:45,1108687,5,N,ML,40,100,146,0.0324,69,10,35,0.0253,77.1,1,10,56,0.0451,71.3,1,10,38,0.034,65.6,1,10,17,0.025,52.3,1,,,,,0,,,,,0,,,,,0,,,,,0
2010/1/3 22:50,1108687,5,N,ML,40,100,151,0.0323,68.5,10,41,0.0306,76.8,1,10,47,0.0374,71.2,1,10,42,0.0362,65.6,1,10,21,0.0248,52,1,,,,,0,,,,,0,,,,,0,,,,,0
2010/1/3 22:55,1108687,5,N,ML,40,100,136,0.0288,69.2,10,39,0.0284,77.2,1,10,47,0.0357,72.3,1,10,32,0.0288,64.8,1,10,18,0.0223,51.4,1,,,,,0,,,,,0,,,,,0,,,,,0
2010/1/4 00:05,1108687,5,N,ML,40,100,92,0.0181,70.6,10,24,0.0171,75.5,1,10,41,0.0324,70.8,1,10,17,0.0144,67.1,1,10,10,0.0086,63.7,1,,,,,0,,,,,0,,,,,0,,,,,0
2010/1/4 00:10,1108687,5,N,ML,40,100,87,0.0175,69.8,10,18,0.0134,75.3,1,10,29,0.0224,71.1,1,10,30,0.0242,67.5,1,10,10,0.0101,63.3,1,,,,,0,,,,,0,,,,,0,,,,,0
2010/1/4 00:15,1108687,5,N,ML,40,100,97,0.0209,69.7,10,22,0.0156,75.9,1,10,35,0.028,70.6,1,10,27,0.0217,67.8,1,10,13,0.0181,60.7,1,,,,,0,,,,,0,,,,,0,,,,,0
2010/1/4 00:20,1108687,5,N,ML,40,100,82,0.0169,69.7,10,19,0.0135,76.3,1,10,29,0.0222,71.1,1,10,23,0.0194,67.3,1,10,11,0.0126,59.8,1,,,,,0,,,,,0,,,,,0,,,,,0
2010/1/4 00:25,1108687,5,N,ML,40,100,92,0.0203,69.6,10,21,0.0148,76.7,1,10,28,0.0218,71.1,1,10,33,0.0268,67.5,1,10,10,0.0177,57.1,1,,,,,0,,,,,0,,,,,0,,,,,0
2010/1/4 00:30,1108687,5,N,ML,40,100,59,0.0119,69.8,10,15,0.0106,76.9,1,10,21,0.0162,71.3,1,10,16,0.015,66.1,1,10,7,0.006,58.2,1,,,,,0,,,,,0,,,,,0,,,,,0
2010/1/4 00:35,1108687,5,N,ML,40,100,82,0.0181,69.4,10,21,0.0157,76.3,1,10,32,0.0241,71.9,1,10,16,0.0132,66.2,1,10,13,0.0193,55.9,1,,,,,0,,,,,0,,,,,0,,,,,0
2010/1/4 00:40,1108687,5,N,ML,40,100,82,0.0177,69.6,10,20,0.0147,76,1,10,34,0.0262,71.9,1,10,19,0.0158,66.2,1,10,9,0.014,54.3,1,,,,,0,,,,,0,,,,,0,,,,,0
2010/1/4 00:45,1108687,5,N,ML,40,100,66,0.014,69.9,10,15,0.011,75.8,1,10,26,0.0197,72.2,1,10,19,0.0144,67.3,1,10,6,0.0107,53,1,,,,,0,,,,,0,,,,,0,,,,,0
2010/1/4 00:50,1108687,5,N,ML,40,100,70,0.0147,68.8,10,16,0.0117,75.7,1,10,21,0.0168,71.6,1,10,24,0.019,67.7,1,10,9,0.0112,52.7,1,,,,,0,,,,,0,,,,,0,,,,,0
2010/1/4 00:55,1108687,5,N,ML,40,100,54,0.0118,67.2,10,8,0.0058,75.7,1,10,16,0.0123,71.6,1,10,20,0.0161,67.8,1,10,10,0.0129,52.2,1,,,,,0,,,,,0,,,,,0,,,,,0
2010/1/4 01:00,1108687,5,N,ML,40,100,61,0.0129,68,10,10,0.0072,75.7,1,10,22,0.0171,71.5,1,10,21,0.0189,66.4,1,10,8,0.0083,52.8,1,,,,,0,,,,,0,,,,,0,,,,,0
2010/1/4 01:05,1108687,5,N,ML,40,100,45,0.0103,67.8,10,7,0.005,75.8,1,10,18,0.0141,71.3,1,10,14,0.0116,66.3,1,10,6,0.0106,51.6,1,,,,,0,,,,,0,,,,,0,,,,,0
2010/1/4 01:10,1108687,5,N,ML,40,100,58,0.0118,68.1,10,10,0.0069,76.2,1,10,19,0.0146,71.4,1,10,23,0.0191,66.2,1,10,6,0.0066,51.9,1,,,,,0,,,,,0,,,,,0,,,,,0
2010/1/4 01:15,1108687,5,N,ML,40,100,55,0.0127,65.2,10,7,0.0051,76.1,1,10,14,0.0109,71.3,1,10,24,0.0237,63.8,1,10,10,0.011,52.3,1,,,,,0,,,,,0,,,,,0,,,,,0
2010/1/4 01:20,1108687,5,N,ML,40,100,40,0.0089,66.2,10,5,0.0032,76.6,1,10,16,0.0121,71.5,1,10,11,0.0084,64.7,1,10,8,0.0119,51.3,1,,,,,0,,,,,0,,,,,0,,,,,0
2010/1/4 01:25,1108687,5,N,ML,40,100,33,0.007,66.1,10,3,0.002,76.8,1,10,12,0.0088,71.9,1,10,12,0.0095,65.2,1,10,6,0.0078,51,1,,,,,0,,,,,0,,,,,0,,,,,0
2010/1/4 01:30,1108687,5,N,ML,40,100,53,0.0131,66.2,10,8,0.0063,76.1,1,10,18,0.014,71.7,1,10,18,0.0158,64.7,1,10,9,0.0162,49.3,1,,,,,0,,,,,0,,,,,0,,,,,0
2010/1/4 01:35,1108687,5,N,ML,40,100,42,0.0106,66.4,10,4,0.0028,76.2,1,10,18,0.0143,71.2,1,10,15,0.0134,64.2,1,10,5,0.0117,48,1,,,,,0,,,,,0,,,,,0,,,,,0
2010/1/4 01:40,1108687,5,N,ML,40,100,38,0.0083,68.5,10,7,0.0053,75.8,1,10,15,0.0117,71.1,1,10,14,0.0107,65.2,1,10,2,0.0057,47.4,1,,,,,0,,,,,0,,,,,0,,,,,0
2010/1/4 01:45,1108687,5,N,ML,40,100,32,0.0074,64.9,10,5,0.0039,75.4,1,10,9,0.0078,70.3,1,10,12,0.0101,65.2,1,10,6,0.0077,47.4,1,,,,,0,,,,,0,,,,,0,,,,,0
2010/1/4 01:50,1108687,5,N,ML,40,100,34,0.0077,67.1,10,4,0.003,75.3,1,10,16,0.0124,70.4,1,10,12,0.0131,63.3,1,10,2,0.0021,47.6,1,,,,,0,,,,,0,,,,,0,,,,,0
2010/1/4 01:55,1108687,5,N,ML,40,100,42,0.0095,65,10,3,0.0023,75.1,1,10,17,0.0129,70.7,1,10,16,0.0131,63.8,1,10,6,0.0095,47,1,,,,,0,,,,,0,,,,,0,,,,,0
2010/1/4 02:00,1108687,5,N,ML,40,100,37,0.0083,63.3,10,3,0.0022,75.1,1,10,13,0.0101,70.7,1,10,12,0.0096,64.4,1,10,9,0.0112,47.1,1,,,,,0,,,,,0,,,,,0,,,,,0
2010/1/4 02:05,1108687,5,N,ML,40,100,43,0.0084,64.8,10,5,0.0033,75.5,1,10,14,0.0112,70.4,1,10,15,0.0119,65.1,1,10,9,0.0072,49.8,1,,,,,0,,,,,0,,,,,0,,,,,0
2010/1/4 02:10,1108687,5,N,ML,40,100,39,0.0093,65.6,10,5,0.0037,75.4,1,10,10,0.0082,70,1,10,18,0.014,66,1,10,6,0.0114,48.6,1,,,,,0,,,,,0,,,,,0,,,,,0
2010/1/4 02:15,1108687,5,N,ML,40,100,42,0.0098,64.8,10,5,0.0035,75.5,1,10,14,0.0112,69.7,1,10,14,0.0105,67,1,10,9,0.0139,47.7,1,,,,,0,,,,,0,,,,,0,,,,,0
2010/1/4 02:20,1108687,5,N,ML,36,100,41,0.0103,64.9,9,8,0.0057,75.5,1,9,14,0.0112,69.5,1,9,10,0.0087,66.6,1,9,9,0.0157,46.4,1,,,,,0,,,,,0,,,,,0,,,,,0
2010/1/4 02:25,1108687,5,N,ML,40,100,28,0.0058,64.7,10,3,0.0023,75.3,1,10,12,0.0096,69.3,1,10,7,0.0052,67.2,1,10,6,0.0063,47.1,1,,,,,0,,,,,0,,,,,0,,,,,0
2010/1/4 02:30,1108687,5,N,ML,40,100,31,0.0077,64.7,10,5,0.0038,75.1,1,10,12,0.0087,70,1,10,7,0.0058,67.1,1,10,7,0.0126,46,1,,,,,0,,,,,0,,,,,0,,,,,0
2010/1/4 02:35,1108687,5,N,ML,40,100,31,0.006,67.9,10,6,0.0043,75.1,1,10,10,0.0081,69.7,1,10,12,0.0089,68,1,10,3,0.0026,46.8,1,,,,,0,,,,,0,,,,,0,,,,,0
2010/1/4 02:40,1108687,5,N,ML,40,100,33,0.0068,67.3,10,6,0.0042,75.2,1,10,11,0.0082,70.1,1,10,12,0.0106,67.3,1,10,4,0.0041,47.4,1,,,,,0,,,,,0,,,,,0,,,,,0
2010/1/4 02:45,1108687,5,N,ML,40,100,44,0.0111,66.6,10,4,0.0028,75.3,1,10,21,0.0166,69.8,1,10,14,0.0122,66.7,1,10,5,0.0126,46.1,1,,,,,0,,,,,0,,,,,0,,,,,0
2010/1/4 02:50,1108687,5,N,ML,40,100,33,0.0077,65.3,10,5,0.0037,75.2,1,10,12,0.0095,69.6,1,10,10,0.0078,67.1,1,10,6,0.0097,45.5,1,,,,,0,,,,,0,,,,,0,,,,,0
2010/1/4 02:55,1108687,5,N,ML,40,100,42,0.0097,65.6,10,3,0.0019,75.5,1,10,18,0.0133,70.3,1,10,14,0.0106,67.9,1,10,7,0.013,44.5,1,,,,,0,,,,,0,,,,,0,,,,,0
2010/1/4 03:00,1108687,5,N,ML,40,100,29,0.0072,64.6,10,4,0.0029,75.4,1,10,9,0.0069,70.3,1,10,10,0.0083,67.7,1,10,6,0.0109,43.8,1,,,,,0,,,,,0,,,,,0,,,,,0
2010/1/4 03:05,1108687,5,N,ML,40,100,29,0.007,65,10,2,0.0012,75.7,1,10,11,0.0087,70.1,1,10,11,0.0088,67.8,1,10,5,0.0092,43.2,1,,,,,0,,,,,0,,,,,0,,,,,0
2010/1/4 03:10,1108687,5,N,ML,40,100,40,0.0104,65.6,10,5,0.0032,76.2,1,10,18,0.0148,69.3,1,10,11,0.009,67.7,1,10,6,0.0146,42,1,,,,,0,,,,,0,,,,,0,,,,,0
2010/1/4 03:15,1108687,5,N,ML,40,100,39,0.0082,64.9,10,5,0.0036,76.1,1,10,14,0.0104,69.8,1,10,13,0.0111,67.2,1,10,7,0.0078,43,1,,,,,0,,,,,0,,,,,0,,,,,0
2010/1/4 03:20,1108687,5,N,ML,40,100,42,0.0105,64.2,10,5,0.0036,76,1,10,20,0.0159,69.4,1,10,9,0.0103,65.3,1,10,8,0.012,42.8,1,,,,,0,,,,,0,,,,,0,,,,,0
2010/1/4 03:25,1108687,5,N,ML,40,100,30,0.0086,63.1,10,5,0.0038,75.7,1,10,13,0.0102,69.3,1,10,5,0.0061,64.2,1,10,7,0.0142,41.8,1,,,,,0,,,,,0,,,,,0,,,,,0
2010/1/4 03:30,1108687,5,N,ML,40,100,38,0.012,59.9,10,2,0.0013,75.9,1,10,15,0.012,69,1,10,11,0.0123,62.4,1,10,10,0.0226,40.2,1,,,,,0,,,,,0,,,,,0,,,,,0
2010/1/4 03:35,1108687,5,N,ML,40,100,50,0.0134,61.3,10,8,0.0059,75.6,1,10,17,0.0133,69,1,10,14,0.0153,60.7,1,10,11,0.019,39.6,1,,,,,0,,,,,0,,,,,0,,,,,0
2010/1/4 03:40,1108687,5,N,ML,40,100,55,0.0148,63,10,10,0.0072,75.5,1,10,22,0.0169,69.3,1,10,14,0.014,59.9,1,10,9,0.021,38.3,1,,,,,0,,,,,0,,,,,0,,,,,0
2010/1/4 03:45,1108687,5,N,ML,40,100,46,0.0124,61.9,10,7,0.005,75.5,1,10,17,0.013,69.5,1,10,15,0.0167,58.3,1,10,7,0.0149,37.6,1,,,,,0,,,,,0,,,,,0,,,,,0
2010/1/4 03:50,1108687,5,N,ML,40,100,49,0.0119,60.8,10,7,0.0051,75.3,1,10,20,0.0159,69.2,1,10,11,0.0087,59.6,1,10,11,0.0179,37.6,1,,,,,0,,,,,0,,,,,0,,,,,0
2010/1/4 03:55,1108687,5,N,ML,40,100,61,0.015,61.7,10,8,0.0057,75.3,1,10,23,0.0175,69.6,1,10,19,0.0162,60.5,1,10,11,0.0204,37.1,1,,,,,0,,,,,0,,,,,0,,,,,0
2010/1/4 04:00,1108687,5,N,ML,40,100,67,0.0164,64.5,10,14,0.01,75.2,1,10,27,0.0205,70,1,10,18,0.0163,60.5,1,10,8,0.0189,36.1,1,,,,,0,,,,,0,,,,,0,,,,,0
2010/1/4 04:05,1108687,5,N,ML,40,100,56,0.012,62.7,10,12,0.0086,75.1,1,10,18,0.0138,70.1,1,10,16,0.0149,60.2,1,10,10,0.0108,38.3,1,,,,,0,,,,,0,,,,,0,,,,,0
2010/1/4 04:10,1108687,5,N,ML,40,100,68,0.0157,63.2,10,12,0.0086,75,1,10,25,0.0192,70.1,1,10,22,0.0227,58.7,1,10,9,0.0123,39,1,,,,,0,,,,,0,,,,,0,,,,,0
2010/1/4 04:15,1108687,5,N,ML,40,100,69,0.0168,63.3,10,11,0.0083,74.5,1,10,28,0.0214,70.2,1,10,21,0.019,59,1,10,9,0.0186,38.1,1,,,,,0,,,,,0,,,,,0,,,,,0
2010/1/4 04:20,1108687,5,N,ML,40,100,66,0.0157,63.9,10,13,0.0089,74.9,1,10,26,0.0199,70.3,1,10,18,0.0152,60,1,10,9,0.0188,37.3,1,,,,,0,,,,,0,,,,,0,,,,,0
2010/1/4 04:25,1108687,5,N,ML,40,100,83,0.0208,63.3,10,20,0.0147,74.4,1,10,29,0.0227,70,1,10,23,0.025,57.9,1,10,11,0.0207,36.8,1,,,,,0,,,,,0,,,,,0,,,,,0
2010/1/4 04:30,1108687,5,N,ML,40,100,78,0.0175,64.1,10,18,0.0132,74,1,10,28,0.0211,70.5,1,10,23,0.0195,59.3,1,10,9,0.0161,36.6,1,,,,,0,,,,,0,,,,,0,,,,,0
2010/1/4 04:35,1108687,5,N,ML,40,100,106,0.0232,65.4,10,24,0.0183,73,1,10,48,0.0374,70.1,1,10,25,0.023,59.3,1,10,9,0.0142,36.9,1,,,,,0,,,,,0,,,,,0,,,,,0
2010/1/4 04:40,1108687,5,N,ML,40,100,101,0.0216,64.6,10,28,0.0203,73,1,10,34,0.0255,70.7,1,10,27,0.0233,60.3,1,10,12,0.0174,37.7,1,,,,,0,,,,,0,,,,,0,,,,,0
2010/1/4 04:45,1108687,5,N,ML,40,100,93,0.0189,66.7,10,21,0.0147,73.6,1,10,38,0.0293,70.6,1,10,28,0.0224,62.4,1,10,6,0.0093,37.9,1,,,,,0,,,,,0,,,,,0,,,,,0
2010/1/4 04:50,1108687,5,N,ML,40,100,118,0.026,65.5,10,31,0.0223,73.7,1,10,39,0.0301,70.5,1,10,35,0.03,62.9,1,10,13,0.0216,37.9,1,,,,,0,,,,,0,,,,,0,,,,,0
2010/1/4 04:55,1108687,5,N,ML,40,100,144,0.0323,66.4,10,38,0.0269,74.1,1,10,53,0.0414,70.2,1,10,38,0.0301,64.9,1,10,15,0.0307,36.8,1,,,,,0,,,,,0,,,,,0,,,,,0
2010/1/4 05:00,1108687,5,N,ML,36,100,162,0.0367,66.3,9,50,0.0357,74.2,1,9,59,0.0452,70.6,1,9,36,0.0354,62.2,1,9,17,0.0303,36.6,1,,,,,0,,,,,0,,,,,0,,,,,0
2010/1/4 05:05,1108687,5,N,ML,40,100,156,0.0341,66.4,10,53,0.0386,73.8,1,10,57,0.0467,68.9,1,10,32,0.0272,62.9,1,10,14,0.0238,36.7,1,,,,,0,,,,,0,,,,,0,,,,,0
2010/1/4 05:10,1108687,5,N,ML,40,100,154,0.0336,65.4,10,44,0.032,73.6,1,10,57,0.0437,69.8,1,10,36,0.0343,61.4,1,10,17,0.0245,38,1,,,,,0,,,,,0,,,,,0,,,,,0
2010/1/4 05:15,1108687,5,N,ML,40,100,186,0.0397,64.9,10,58,0.0432,72.8,1,10,67,0.0541,68.8,1,10,37,0.0381,59,1,10,24,0.0235,44.1,1,,,,,0,,,,,0,,,,,0,,,,,0
2010/1/4 05:20,1108687,5,N,ML,40,100,175,0.0342,67.5,10,61,0.0443,73.2,1,10,62,0.0483,69.4,1,10,39,0.031,62.4,1,10,13,0.0133,46.6,1,,,,,0,,,,,0,,,,,0,,,,,0
2010/1/4 05:25,1108687,5,N,ML,40,100,182,0.0419,65.7,10,51,0.0377,72.9,1,10,68,0.0541,69.1,1,10,42,0.038,62,1,10,21,0.0378,44.4,1,,,,,0,,,,,0,,,,,0,,,,,0
2010/1/4 05:30,1108687,5,N,ML,40,100,226,0.0483,66.7,10,77,0.0571,72.6,1,10,78,0.0609,69.6,1,10,50,0.0435,62.7,1,10,21,0.0317,44.1,1,,,,,0,,,,,0,,,,,0,,,,,0
2010/1/4 05:35,1108687,5,N,ML,40,100,179,0.0387,65.9,10,53,0.0394,72.5,1,10,63,0.0493,69.8,1,10,38,0.031,64.4,1,10,25,0.035,44.6,1,,,,,0,,,,,0,,,,,0,,,,,0
2010/1/4 05:40,1108687,5,N,ML,40,100,227,0.0502,66,10,79,0.0608,71.2,1,10,82,0.0646,69.7,1,10,43,0.0484,59.3,1,10,23,0.0268,47,1,,,,,0,,,,,0,,,,,0,,,,,0
2010/1/4 05:45,1108687,5,N,ML,40,100,239,0.051,66,10,89,0.0663,71.8,1,10,74,0.0576,70.1,1,10,47,0.0437,59.6,1,10,29,0.0363,48.3,1,,,,,0,,,,,0,,,,,0,,,,,0
2010/1/4 05:50,1108687,5,N,ML,40,100,285,0.0673,64.5,10,101,0.0782,70.7,1,10,94,0.0755,69.2,1,10,60,0.0655,56.1,1,10,30,0.05,45.9,1,,,,,0,,,,,0,,,,,0,,,,,0
2010/1/4 05:55,1108687,5,N,ML,40,100,243,0.0525,65,10,78,0.0601,70.5,1,10,86,0.0668,70,1,10,48,0.0432,58.4,1,10,31,0.0398,47.2,1,,,,,0,,,,,0,,,,,0,,,,,0
2010/1/4 06:00,1108687,5,N,ML,40,100,261,0.0563,65.2,10,84,0.0633,71.2,1,10,83,0.0653,70,1,10,61,0.0571,59.1,1,10,33,0.0397,49.2,1,,,,,0,,,,,0,,,,,0,,,,,0
2010/1/4 06:05,1108687,5,N,ML,40,100,260,0.0567,65.6,10,80,0.0598,71.9,1,10,90,0.0709,69.9,1,10,59,0.0579,58.4,1,10,31,0.0383,50.2,1,,,,,0,,,,,0,,,,,0,,,,,0
2010/1/4 06:10,1108687,5,N,ML,40,100,287,0.0632,66,10,115,0.0873,71.6,1,10,82,0.0659,69.2,1,10,57,0.0517,59.9,1,10,33,0.0479,48.7,1,,,,,0,,,,,0,,,,,0,,,,,0
2010/1/4 06:15,1108687,5,N,ML,40,100,290,0.0611,66.2,10,94,0.0699,72.4,1,10,97,0.0767,69.4,1,10,62,0.0588,59.7,1,10,37,0.0392,52.7,1,,,,,0,,,,,0,,,,,0,,,,,0
2010/1/4 06:20,1108687,5,N,ML,40,100,320,0.07,66.2,10,104,0.0772,72.8,1,10,116,0.0947,68.3,1,10,59,0.0534,60.8,1,10,41,0.0548,51.4,1,,,,,0,,,,,0,,,,,0,,,,,0
2010/1/4 06:25,1108687,5,N,ML,40,100,296,0.0615,67.1,10,122,0.0928,72,1,10,90,0.0722,68.5,1,10,57,0.0532,60.7,1,10,27,0.028,54.2,1,,,,,0,,,,,0,,,,,0,,,,,0
2010/1/4 06:30,1108687,5,N,ML,40,100,347,0.0727,66.8,10,120,0.0915,71.5,1,10,111,0.0883,68.9,1,10,75,0.0684,61.3,1,10,41,0.0427,57,1,,,,,0,,,,,0,,,,,0,,,,,0
2010/1/4 06:35,1108687,5,N,ML,40,100,301,0.0626,67.6,10,105,0.0774,72.7,1,10,90,0.0712,69.3,1,10,67,0.0572,63.5,1,10,39,0.0448,56.9,1,,,,,0,,,,,0,,,,,0,,,,,0
2010/1/4 06:40,1108687,5,N,ML,40,100,353,0.0727,68.8,10,132,0.0953,74.3,1,10,107,0.0834,70,1,10,68,0.0596,64,1,10,46,0.0524,57,1,,,,,0,,,,,0,,,,,0,,,,,0
2010/1/4 06:45,1108687,5,N,ML,40,100,383,0.0829,67.2,10,139,0.105,72.8,1,10,119,0.0949,69.4,1,10,75,0.0788,59.2,1,10,50,0.053,58.6,1,,,,,0,,,,,0,,,,,0,,,,,0
2010/1/4 06:50,1108687,5,N,ML,40,100,358,0.0707,69.2,10,133,0.0953,74.6,1,10,95,0.0738,70.1,1,10,80,0.0681,62.7,1,10,50,0.0455,63.3,1,,,,,0,,,,,0,,,,,0,,,,,0
2010/1/4 06:55,1108687,5,N,ML,40,100,382,0.0824,67.7,10,134,0.1006,73.2,1,10,115,0.091,69.7,1,10,86,0.084,60.2,1,10,47,0.0538,60.8,1,,,,,0,,,,,0,,,,,0,,,,,0
2010/1/4 07:00,1108687,5,N,ML,40,100,371,0.0761,68.7,10,122,0.0903,73.3,1,10,118,0.0891,71.5,1,10,75,0.0635,63.3,1,10,56,0.0615,59.9,1,,,,,0,,,,,0,,,,,0,,,,,0
2010/1/4 07:05,1108687,5,N,ML,40,100,405,0.0846,68.2,10,148,0.1107,72.8,1,10,120,0.0948,70.3,1,10,84,0.0813,60.8,1,10,53,0.0517,62.2,1,,,,,0,,,,,0,,,,,0,,,,,0
2010/1/4 07:10,1108687,5,N,ML,40,100,430,0.091,67.4,10,151,0.1156,71.6,1,10,127,0.0999,70,1,10,95,0.0874,61.1,1,10,57,0.0609,61.3,1,,,,,0,,,,,0,,,,,0,,,,,0
2010/1/4 07:15,1108687,5,N,ML,40,100,437,0.0931,67.2,10,155,0.116,72.2,1,10,131,0.1031,69.8,1,10,88,0.0853,59.6,1,10,63,0.068,60.4,1,,,,,0,,,,,0,,,,,0,,,,,0
2010/1/4 07:20,1108687,5,N,ML,40,100,389,0.082,67.6,10,141,0.1039,73.1,1,10,113,0.0884,69.9,1,10,71,0.0701,58.5,1,10,64,0.0654,61.3,1,,,,,0,,,,,0,,,,,0,,,,,0
2010/1/4 07:25,1108687,5,N,ML,40,100,379,0.0805,67.3,10,139,0.1025,73.4,1,10,115,0.0909,69.5,1,10,78,0.0779,57.5,1,10,47,0.0509,60.4,1,,,,,0,,,,,0,,,,,0,,,,,0
2010/1/4 07:30,1108687,5,N,ML,40,100,357,0.0762,66.8,10,125,0.092,73.5,1,10,108,0.0877,68.3,1,10,74,0.0742,56.9,1,10,50,0.051,61.2,1,,,,,0,,,,,0,,,,,0,,,,,0
2010/1/4 07:35,1108687,5,N,ML,40,100,373,0.0819,66.5,10,129,0.0958,73.2,1,10,118,0.0918,69.5,1,10,72,0.0708,57.1,1,10,54,0.0694,56.6,1,,,,,0,,,,,0,,,,,0,,,,,0
2010/1/4 07:40,1108687,5,N,ML,40,100,428,0.095,65.2,10,153,0.1156,72.2,1,10,128,0.1052,67.7,1,10,90,0.1024,53.2,1,10,57,0.0569,59.4,1,,,,,0,,,,,0,,,,,0,,,,,0
2010/1/4 07:45,1108687,5,N,ML,40,100,410,0.0845,66.8,10,139,0.1014,73.5,1,10,137,0.1098,68,1,10,86,0.0779,57.8,1,10,48,0.0488,60.5,1,,,,,0,,,,,0,,,,,0,,,,,0
2010/1/4 07:50,1108687,5,N,ML,40,100,436,0.0924,66.5,10,149,0.1115,72.8,1,10,114,0.0923,67.7,1,10,102,0.0955,59.1,1,10,71,0.0702,62.1,1,,,,,0,,,,,0,,,,,0,,,,,0
2010/1/4 07:55,1108687,5,N,ML,40,100,455,0.0961,66.7,10,152,0.1141,72.4,1,10,134,0.1082,67.7,1,10,100,0.0972,58.4,1,10,69,0.0649,64.5,1,,,,,0,,,,,0,,,,,0,,,,,0
2010/1/4 08:00,1108687,5,N,ML,40,100,373,0.0806,66.5,10,118,0.0868,73.1,1,10,106,0.0838,68.5,1,10,84,0.0828,57.7,1,10,65,0.0688,62.4,1,,,,,0,,,,,0,,,,,0,,,,,0
2010/1/4 08:05,1108687,5,N,ML,40,100,382,0.0767,68.5,10,127,0.093,73.7,1,10,96,0.0748,69.4,1,10,86,0.0728,62.2,1,10,73,0.0664,65.8,1,,,,,0,,,,,0,,,,,0,,,,,0
2010/1/4 08:10,1108687,5,N,ML,40,100,403,0.0868,67,10,130,0.0997,71.9,1,10,129,0.1068,67.3,1,10,86,0.0808,61,1,10,58,0.0599,64,1,,,,,0,,,,,0,,,,,0,,,,,0
2010/1/4 08:15,1108687,5,N,ML,40,100,392,0.0844,66.6,10,123,0.0931,71.8,1,10,121,0.0962,68.1,1,10,83,0.0781,60.4,1,10,65,0.0703,61.6,1,,,,,0,,,,,0,,,,,0,,,,,0
2010/1/4 08:20,1108687,5,N,ML,40,100,361,0.0764,66.7,10,118,0.0892,71.8,1,10,106,0.0851,68.1,1,10,79,0.0763,59.4,1,10,58,0.0549,63.8,1,,,,,0,,,,,0,,,,,0,,,,,0
2010/1/4 08:25,1108687,5,N,ML,40,100,391,0.0903,64.6,10,117,0.0877,72.2,1,10,107,0.0859,68.1,1,10,98,0.1052,55.6,1,10,69,0.0823,59,1,,,,,0,,,,,0,,,,,0,,,,,0
2010/1/4 08:30,1108687,5,N,ML,40,100,360,0.0804,64.7,10,110,0.0827,72.2,1,10,111,0.0902,67.7,1,10,79,0.085,54,1,10,60,0.0635,59.4,1,,,,,0,,,,,0,,,,,0,,,,,0
2010/1/4 08:35,1108687,5,N,ML,40,100,345,0.0765,64.8,10,104,0.0771,72.8,1,10,100,0.079,68.6,1,10,80,0.0797,55.2,1,10,61,0.0702,57.6,1,,,,,0,,,,,0,,,,,0,,,,,0
2010/1/4 08:40,1108687,5,N,ML,40,100,388,0.0862,65.3,10,136,0.1035,72,1,10,127,0.1027,68.1,1,10,72,0.0748,54.7,1,10,53,0.0638,55.7,1,,,,,0,,,,,0,,,,,0,,,,,0
2010/1/4 08:45,1108687,5,N,ML,40,100,351,0.0809,64.1,10,115,0.0856,72.7,1,10,110,0.0891,67.9,1,10,76,0.0828,53.2,1,10,50,0.0659,52.8,1,,,,,0,,,,,0,,,,,0,,,,,0
2010/1/4 08:50,1108687,5,N,ML,40,100,371,0.0833,64.6,10,119,0.0897,72.5,1,10,113,0.0875,69.6,1,10,75,0.0691,56.9,1,10,64,0.0869,50.1,1,,,,,0,,,,,0,,,,,0,,,,,0
2010/1/4 08:55,1108687,5,N,ML,40,100,333,0.0724,65.3,10,108,0.0808,72.8,1,10,95,0.0756,69.3,1,10,82,0.0741,59.5,1,10,48,0.0592,50.5,1,,,,,0,,,,,0,,,,,0,,,,,0
2010/1/4 09:00,1108687,5,N,ML,40,100,370,0.0821,65.1,10,125,0.095,72.3,1,10,109,0.0864,69.4,1,10,79,0.0808,57.3,1,10,57,0.0663,52,1,,,,,0,,,,,0,,,,,0,,,,,0
2010/1/4 09:05,1108687,5,N,ML,40,100,315,0.0714,64.9,10,104,0.076,73.8,1,10,94,0.0742,69.6,1,10,68,0.0729,55.1,1,10,49,0.0626,50.9,1,,,,,0,,,,,0,,,,,0,,,,,0
2010/1/4 09:10,1108687,5,N,ML,40,100,342,0.0765,64.4,10,102,0.0793,72,1,10,112,0.0904,68.8,1,10,70,0.0649,57.6,1,10,58,0.0713,50.9,1,,,,,0,,,,,0,,,,,0,,,,,0
2010/1/4 09:15,1108687,5,N,ML,40,100,360,0.0809,64.2,10,111,0.0849,71.9,1,10,111,0.0891,68.8,1,10,83,0.0883,55.3,1,10,55,0.0613,52.9,1,,,,,0,,,,,0,,,,,0,,,,,0
2010/1/4 09:20,1108687,5,N,ML,40,100,379,0.0848,64.9,10,138,0.1053,72,1,10,115,0.0928,68.6,1,10,78,0.0808,54.8,1,10,48,0.0603,51.7,1,,,,,0,,,,,0,,,,,0,,,,,0
2010/1/4 09:25,1108687,5,N,ML,40,100,365,0.0814,64.5,10,105,0.0796,72.4,1,10,123,0.0989,68.7,1,10,76,0.0698,57.9,1,10,61,0.0771,50.6,1,,,,,0,,,,,0,,,,,0,,,,,0
2010/1/4 09:30,1108687,5,N,ML,40,100,334,0.0745,64.7,10,103,0.08,71.7,1,10,114,0.0927,68.3,1,10,76,0.0759,57.2,1,10,41,0.0494,50.8,1,,,,,0,,,,,0,,,,,0,,,,,0
2010/1/4 09:35,1108687,5,N,ML,40,100,351,0.0802,63.9,10,119,0.0902,72.4,1,10,103,0.0843,67.9,1,10,85,0.0949,53.8,1,10,44,0.0514,51.4,1,,,,,0,,,,,0,,,,,0,,,,,0
2010/1/4 09:40,1108687,5,N,ML,40,100,337,0.0808,63,10,105,0.0813,71.9,1,10,113,0.0919,68,1,10,63,0.0714,52.1,1,10,56,0.0788,48.3,1,,,,,0,,,,,0,,,,,0,,,,,0
2010/1/4 09:45,1108687,5,N,ML,40,100,396,0.0904,63.5,10,132,0.0992,73,1,10,116,0.0938,68.3,1,10,88,0.0897,53.8,1,10,60,0.079,47.5,1,,,,,0,,,,,0,,,,,0,,,,,0
2010/1/4 09:50,1108687,5,N,ML,40,100,367,0.0801,64.4,10,116,0.0869,73.6,1,10,105,0.0839,68.9,1,10,84,0.0802,56.5,1,10,62,0.0694,50.5,1,,,,,0,,,,,0,,,,,0,,,,,0
2010/1/4 09:55,1108687,5,N,ML,40,100,395,0.0959,63.1,10,123,0.0934,73.3,1,10,127,0.1052,67.7,1,10,86,0.0992,52.7,1,10,59,0.0857,46.9,1,,,,,0,,,,,0,,,,,0,,,,,0
2010/1/4 10:00,1108687,5,N,ML,40,100,345,0.0776,63.4,10,103,0.0794,72.7,1,10,110,0.0882,68.5,1,10,75,0.0752,54.5,1,10,57,0.0678,48.6,1,,,,,0,,,,,0,,,,,0,,,,,0
2010/1/4 10:05,1108687,5,N,ML,40,100,386,0.0841,64.7,10,129,0.0978,73.2,1,10,105,0.0837,69.1,1,10,83,0.0811,56.3,1,10,69,0.0738,52.3,1,,,,,0,,,,,0,,,,,0,,,,,0
2010/1/4 10:10,1108687,5,N,ML,40,100,412,0.0998,62.4,10,138,0.1108,70.8,1,10,118,0.0999,67,1,10,90,0.1037,52.6,1,10,66,0.0847,50.1,1,,,,,0,,,,,0,,,,,0,,,,,0
2010/1/4 10:15,1108687,5,N,ML,40,100,377,0.0915,61.9,10,125,0.0959,72,1,10,109,0.0897,67.2,1,10,83,0.1058,48.6,1,10,60,0.0745,49.6,1,,,,,0,,,,,0,,,,,0,,,,,0
2010/1/4 10:20,1108687,5,N,ML,40,100,391,0.0872,63.8,10,143,0.1095,72.6,1,10,116,0.0948,67.6,1,10,82,0.0861,51.3,1,10,50,0.0585,50.4,1,,,,,0,,,,,0,,,,,0,,,,,0
2010/1/4 10:25,1108687,5,N,ML,40,100,343,0.0826,62.2,10,97,0.0724,73.9,1,10,114,0.0933,67.7,1,10,86,0.1071,48.4,1,10,46,0.0575,49.7,1,,,,,0,,,,,0,,,,,0,,,,,0
2010/1/4 10:30,1108687,5,N,ML,40,100,345,0.0776,63.9,10,109,0.0811,74.7,1,10,106,0.0849,68.6,1,10,78,0.0785,52.4,1,10,52,0.0658,49,1,,,,,0,,,,,0,,,,,0,,,,,0
2010/1/4 10:35,1108687,5,N,ML,40,100,413,0.0959,64,10,145,0.1111,73.8,1,10,123,0.1002,68.4,1,10,91,0.0992,52.4,1,10,54,0.0731,47.3,1,,,,,0,,,,,0,,,,,0,,,,,0
2010/1/4 10:40,1108687,5,N,ML,40,100,390,0.0868,64.3,10,118,0.0887,74.3,1,10,125,0.1006,68.8,1,10,89,0.0885,55,1,10,58,0.0694,48.6,1,,,,,0,,,,,0,,,,,0,,,,,0
2010/1/4 10:45,1108687,5,N,ML,40,100,400,0.0901,64.7,10,134,0.1018,74.1,1,10,121,0.0961,69.5,1,10,91,0.1005,53.3,1,10,54,0.062,50.2,1,,,,,0,,,,,0,,,,,0,,,,,0
2010/1/4 10:50,1108687,5,N,ML,40,100,427,0.0984,63.8,10,141,0.1107,72.6,1,10,132,0.1095,68,1,10,94,0.0977,54.2,1,10,60,0.0757,49.2,1,,,,,0,,,,,0,,,,,0,,,,,0
2010/1/4 10:55,1108687,5,N,ML,40,100,376,0.087,63.5,10,119,0.0907,73.4,1,10,118,0.097,67.9,1,10,87,0.1009,51.7,1,10,52,0.0594,50.6,1,,,,,0,,,,,0,,,,,0,,,,,0
2010/1/4 11:00,1108687,5,N,ML,40,100,359,0.0859,62.6,10,112,0.0862,73.3,1,10,109,0.09,67.7,1,10,77,0.0878,51,1,10,61,0.0797,48.7,1,,,,,0,,,,,0,,,,,0,,,,,0
2010/1/4 11:05,1108687,5,N,ML,40,100,391,0.0879,64.2,10,140,0.1079,73.3,1,10,122,0.1017,67.2,1,10,75,0.0812,52,1,10,54,0.0609,50.6,1,,,,,0,,,,,0,,,,,0,,,,,0
2010/1/4 11:10,1108687,5,N,ML,40,100,398,0.0969,61.7,10,113,0.0891,72.4,1,10,126,0.1051,67,1,10,90,0.1041,50.8,1,10,69,0.0892,48.9,1,,,,,0,,,,,0,,,,,0,,,,,0
2010/1/4 11:15,1108687,5,N,ML,40,100,365,0.0933,60.4,10,109,0.0873,71.4,1,10,115,0.0986,65.9,1,10,77,0.1041,46.8,1,10,64,0.0832,47.9,1,,,,,0,,,,,0,,,,,0,,,,,0
2010/1/4 11:20,1108687,5,N,ML,40,100,376,0.0886,61.9,10,119,0.0923,72.4,1,10,119,0.0984,66.9,1,10,82,0.0923,49,1,10,56,0.0713,47.8,1,,,,,0,,,,,0,,,,,0,,,,,0
2010/1/4 11:25,1108687,5,N,ML,40,100,409,0.094,63.4,10,138,0.1084,72.3,1,10,132,0.1079,67.8,1,10,83,0.0848,52.7,1,10,56,0.0751,46.8,1,,,,,0,,,,,0,,,,,0,,,,,0
2010/1/4 11:30,1108687,5,N,ML,40,100,399,0.0956,62.3,10,115,0.0912,71.9,1,10,123,0.1012,67.9,1,10,100,0.1018,54.9,1,10,61,0.0881,44.8,1,,,,,0,,,,,0,,,,,0,,,,,0
2010/1/4 11:35,1108687,5,N,ML,40,100,386,0.094,61.8,10,128,0.1013,71.8,1,10,104,0.0879,66.9,1,10,98,0.1076,53.6,1,10,56,0.0793,44,1,,,,,0,,,,,0,,,,,0,,,,,0
2010/1/4 11:40,1108687,5,N,ML,40,100,375,0.0871,62.3,10,105,0.0822,72.3,1,10,116,0.095,67.7,1,10,90,0.0923,55,1,10,64,0.0789,46.3,1,,,,,0,,,,,0,,,,,0,,,,,0
2010/1/4 11:45,1108687,5,N,ML,40,100,420,0.0987,63.2,10,136,0.1049,73.2,1,10,130,0.1098,66.8,1,10,103,0.114,53.5,1,10,51,0.0659,46.6,1,,,,,0,,,,,0,,,,,0,,,,,0
2010/1/4 11:50,1108687,5,N,ML,40,100,387,0.0928,63.5,10,139,0.1062,74.1,1,10,121,0.0998,67.4,1,10,79,0.1014,49.4,1,10,48,0.0639,46.3,1,,,,,0,,,,,0,,,,,0,,,,,0
2010/1/4 11:55,1108687,5,N,ML,40,100,398,0.0965,61.6,10,121,0.0972,72.3,1,10,123,0.1012,67.8,1,10,94,0.1118,49,1,10,60,0.0758,47.1,1,,,,,0,,,,,0,,,,,0,,,,,0
2010/1/4 12:00,1108687,5,N,ML,40,100,395,0.0902,63.5,10,122,0.0951,72.9,1,10,129,0.1062,68,1,10,92,0.0892,54.6,1,10,52,0.0703,46.3,1,,,,,0,,,,,0,,,,,0,,,,,0
